transcript,control_fpUTR_GGCGGCGGCGGC_0fp_0tp_max,control_fpUTR_GGCGGCGGCGGC_0fp_0tp_average,control_fpUTR_GGCGGCGGCGGC_0fp_0tp_std,control_fpUTR_GGCGGCGGCGGC_0fp_0tp_gini
PB2015.10741.4_36_48,0.0,0.0,0.0,NA
PB2015.4453.9_26_38,0.819,0.28233333333349997,0.3164436934291292,0.550767414403
PB2015.8058.4_60_72,0.1,0.074249999999975,0.033670276209149655,0.21127946128
PB2015.14638.1_568_580,0.0,0.0,0.0,NA
PB2015.13831.1_33_45,0.0,0.0,0.0,NA
PB2015.2166.3_59_71,1.11833333333,0.4034166666658325,0.44875750535218933,0.581749638504
PB2015.8879.5_28_40,0.0,0.0,0.0,NA
PB2015.76.2_31_43,0.541333333333,0.2025,0.22427580986108034,0.584156378601
PB2015.1248.1_174_186,0.655333333333,0.34433333333325,0.19409891521808184,0.292352371733
PB2015.6040.5_19_31,0.0,0.0,0.0,NA
PB2015.4453.6_64_76,0.794,0.31558333333325,0.29619901108324376,0.498613678374
PB2015.8683.1_45_57,0.481666666667,0.2610833333335,0.19446627456827306,0.407995531439
PB2015.1159.1_52_64,0.0,0.0,0.0,NA
PB2015.40.8_19_31,0.0,0.0,0.0,NA
PB2015.2662.3_15_27,0.0,0.0,0.0,NA
PB2015.10321.8_18_30,0.0,0.0,0.0,NA
PB2015.8455.2_19_31,0.0,0.0,0.0,NA
PB2015.10086.1_222_234,0.0,0.0,0.0,NA
PB2015.8879.3_54_66,0.0,0.0,0.0,NA
PB2015.8058.5_51_63,0.18,0.045,0.07794228634059948,0.75
PB2015.4066.2_49_61,0.471666666667,0.11791666666675,0.20423765772597446,0.75
PB2015.4263.1_358_370,0.597666666667,0.4794999999999999,0.1057214631843832,0.118526242614
PB2015.8946.3_11_23,0.0,0.0,0.0,NA
PB2015.9088.1_180_192,0.388666666667,0.21725000000025002,0.10356811365796445,0.246931338703
PB2015.8879.5_31_43,0.0,0.0,0.0,NA
PB2015.10740.1_47_59,0.124,0.031,0.0536935750346352,0.75
PB2015.8879.4_19_31,0.0,0.0,0.0,NA
PB2015.13930.1_103_115,0.0256666666667,0.006416666666675,0.011113992681914727,0.75
PB2015.2653.10_74_86,0.169333333333,0.04233333333325,0.07332348418693813,0.75
PB2015.8058.13_59_71,0.372,0.182499999999925,0.11314138156410421,0.311187214612
PB2015.11248.1_22_34,0.574,0.18258333333325,0.23482409196390183,0.642971246007
PB2015.4453.2_79_91,0.833333333333,0.32233333333325,0.311538654637347,0.504912099276
PB2015.12345.1_16_28,0.737666666667,0.24466666666675,0.3011585960919631,0.626873297003
PB2015.14943.11_61_73,0.361,0.2398333333335,0.14470208859744985,0.306984016678
PB2015.18.1_43_55,0.68,0.17,0.2944486372867091,0.75
PB2015.7900.1_43_55,0.197,0.1140833333335,0.07137202027253378,0.323776479181
PB2015.4941.5_78_90,0.158333333333,0.03958333333325,0.06856034446612372,0.75
PB2015.14640.5_16_28,0.0,0.0,0.0,NA
PB2015.5318.4_226_238,0.485,0.25408333333349997,0.19728608316633733,0.425303378156
PB2015.9041.2_26_38,0.157,0.07033333333325001,0.07127528791002999,0.529028436019
PB2015.6837.1_19_31,0.420333333333,0.25674999999975,0.10055937300912353,0.204560207725
PB2015.10086.19_217_229,0.101666666667,0.02541666666675,0.044022958025853307,0.75
PB2015.1307.1_35_47,0.0,0.0,0.0,NA
PB2015.6040.3_22_34,0.0,0.0,0.0,NA
PB2015.8879.2_12_24,0.0,0.0,0.0,NA
PB2015.14640.5_22_34,0.0,0.0,0.0,NA
PB2015.8058.5_60_72,0.18,0.09541666666675,0.0641744042953968,0.365283842795
PB2015.7962.8_79_91,0.313333333333,0.15425,0.15428785777096635,0.503916801729
PB2015.24.7_39_51,0.234333333333,0.091,0.09823639289423979,0.571886446886
PB2015.12599.1_49_61,0.0316666666667,0.007916666666675,0.013712068893268045,0.75
PB2015.10504.1_22_34,0.291666666667,0.08208333333342499,0.12192538132458428,0.694162436548
PB2015.2739.2_76_88,0.263666666667,0.13058333333325,0.09323130584150094,0.379546904915
PB2015.8684.2_38_50,0.0193333333333,0.004833333333325,0.00837157890323514,0.75
PB2015.10489.6_35_47,0.305666666667,0.1288333333335,0.12942833710005594,0.536869340233
PB2015.4653.7_15_27,0.324,0.081,0.14029611541307907,0.75
PB2015.1652.1_53_65,0.307,0.07675,0.13293489948091133,0.75
PB2015.15089.2_28_40,0.188333333333,0.07675,0.08060547782591419,0.556731813246
PB2015.1730.4_57_69,0.0,0.0,0.0,NA
PB2015.367.2_30_42,0.0,0.0,0.0,NA
PB2015.15549.13_1_13,0.0,0.0,0.0,NA
PB2015.7483.1_88_100,0.383666666667,0.24433333333350002,0.14690681097600009,0.309345156889
PB2015.367.2_33_45,0.255333333333,0.06383333333325,0.110562576549669,0.75
PB2015.24.7_36_48,0.328666666667,0.17316666666675,0.12227076056399323,0.39364773821
PB2015.14640.1_32_44,0.0,0.0,0.0,NA
PB2015.9042.1_7_19,0.186,0.0465,0.08054036255195281,0.75
PB2015.6040.4_12_24,0.0,0.0,0.0,NA
PB2015.10086.8_248_260,0.0873333333333,0.021833333333325,0.03781644263190605,0.75
PB2015.10740.5_36_48,0.185,0.077,0.08005935298264658,0.550324675325
PB2015.16219.2_53_65,0.275,0.130166666666675,0.11807024745180998,0.486555697823
PB2015.8058.4_66_78,0.368,0.18050000000007502,0.11185916244197844,0.310480147738
PB2015.24.6_82_94,0.237,0.09066666666675,0.09884246725643368,0.576746323529
PB2015.15602.9_1711_1723,0.0496666666667,0.017916666666674998,0.02041292482719047,0.596511627907
PB2015.10740.4_61_73,0.378333333333,0.16633333333325,0.13762812212612896,0.450901803607
PB2015.4066.2_46_58,0.471666666667,0.18716666666675003,0.1994197833717794,0.56500445236
PB2015.8232.2_182_194,0.0,0.0,0.0,NA
PB2015.8058.4_51_63,0.0163333333333,0.004083333333325,0.007072540797558482,0.75
PB2015.11432.2_65_77,1.12466666667,0.75658333333425,0.22883574592207748,0.157809230092
PB2015.6040.7_13_25,0.041,0.01025,0.017753520777580994,0.75
PB2015.16351.3_102_114,0.221,0.1154166666665,0.07829303041209654,0.36010830325
PB2015.9646.1_286_298,0.0,0.0,0.0,NA
PB2015.10897.1_42_54,0.312,0.078,0.13509996299037244,0.75
PB2015.14640.2_19_31,0.0,0.0,0.0,NA
PB2015.15549.3_16_28,0.0,0.0,0.0,NA
PB2015.24.1_40_52,0.241666666667,0.0945,0.10157331780003273,0.569664902999
PB2015.13079.1_42_54,0.626,0.25141666666657503,0.23309289695550894,0.487487570434
PB2015.1114.1_16_28,0.658666666667,0.16466666666675,0.2852110329798195,0.75
PB2015.2528.1_18_30,0.751,0.29475,0.27752761374120677,0.478300819904
PB2015.10086.13_241_253,0.172333333333,0.04308333333325,0.0746225222926148,0.75
PB2015.1730.1_31_43,0.0,0.0,0.0,NA
PB2015.4453.4_70_82,0.788333333333,0.3026666666665,0.29537819448584934,0.508535242291
PB2015.5247.3_42_54,0.0,0.0,0.0,NA
PB2015.2955.1_255_267,0.255,0.19608333333325,0.058725526817490464,0.161389715257
PB2015.13055.2_9_21,0.0,0.0,0.0,NA
PB2015.1182.1_24_36,0.100666666667,0.055083333333425,0.04213033678698682,0.413388804842
PB2015.7962.11_77_89,0.297333333333,0.1734166666665,0.12565348626720022,0.386953387794
PB2015.6837.1_13_25,0.420333333333,0.1461666666665,0.1719206050605794,0.609464082098
PB2015.8879.2_15_27,0.0,0.0,0.0,NA
PB2015.4263.1_346_358,0.0,0.0,0.0,NA
PB2015.8058.6_75_87,0.0,0.0,0.0,NA
PB2015.11784.4_18_30,0.538,0.36175,0.11269954525196631,0.169143054596
PB2015.2563.4_101_113,0.0,0.0,0.0,NA
PB2015.15549.3_13_25,0.0,0.0,0.0,NA
PB2015.6213.1_35_47,0.187,0.04675,0.080973375253845,0.75
PB2015.11891.1_52_64,0.0,0.0,0.0,NA
PB2015.10740.2_56_68,0.222,0.0555,0.0961288198200727,0.75
PB2015.1248.2_141_153,0.637,0.3331666666665,0.19045216663989864,0.296148074037
PB2015.9718.7_24_36,0.278666666667,0.097,0.11398781611317257,0.60910652921
PB2015.16146.1_98_110,0.0796666666667,0.019916666666675,0.034496678584094574,0.75
PB2015.3979.1_236_248,0.232,0.058,0.10045894683899488,0.75
PB2015.16048.1_24_36,0.221333333333,0.121749999999925,0.0857831163780983,0.389288158795
PB2015.5247.2_43_55,0.390333333333,0.09758333333325,0.16901929130511864,0.75
PB2015.8167.1_18_30,0.684333333333,0.3401666666665,0.24213569427985046,0.382043116119
PB2015.8058.6_60_72,0.17,0.0425,0.07361215932167728,0.75
PB2015.15557.7_26_38,0.567333333333,0.3051666666665,0.21977532719670267,0.399098853086
PB2015.8167.2_19_31,0.683333333333,0.33958333333324997,0.2417654252230373,0.381901840491
PB2015.1307.3_15_27,0.0,0.0,0.0,NA
PB2015.6040.5_10_22,0.0,0.0,0.0,NA
PB2015.4263.1_355_367,0.597666666667,0.39191666666674996,0.23835948283132716,0.312619604508
PB2015.6837.1_16_28,0.420333333333,0.21049999999975,0.15220463199247555,0.402019002375
PB2015.4453.2_82_94,0.833333333333,0.3319166666665,0.31067742962387285,0.49755209641
PB2015.6040.3_16_28,0.0,0.0,0.0,NA
PB2015.13098.1_148_160,0.466,0.1165,0.20178391908177423,0.75
PB2015.13055.2_21_33,0.227333333333,0.08108333333324999,0.09133375151959044,0.588129496403
PB2015.10740.1_59_71,0.360666666667,0.11791666666674999,0.1472956918357553,0.632332155477
PB2015.16367.1_63_75,0.429666666667,0.20766666666675,0.20791384433631077,0.508627608347
PB2015.15091.1_10_22,0.139333333333,0.03483333333325,0.060333103130171546,0.75
PB2015.5660.4_14_26,0.121,0.05933333333325,0.05935626897520738,0.504915730337
PB2015.1095.14_23_35,0.385,0.25599999999975,0.09979061412120967,0.212890625
PB2015.8058.5_63_75,0.109666666667,0.05041666666675,0.050802107895997206,0.521900826447
PB2015.8879.3_42_54,0.0,0.0,0.0,NA
PB2015.8946.3_14_26,0.0,0.0,0.0,NA
PB2015.5660.2_28_40,0.144333333333,0.07033333333325001,0.07038110541890961,0.506516587677
PB2015.11071.1_40_52,0.358666666667,0.24841666666675,0.08038911445111512,0.178547467293
PB2015.9646.1_304_316,0.395,0.19108333333325,0.19129868661329147,0.508395115569
PB2015.6074.4_2401_2413,0.196,0.098,0.098,0.5
PB2015.3693.1_51_63,0.247333333333,0.141333333333175,0.0998217856424987,0.384139150943
PB2015.3503.4_232_244,0.286333333333,0.07158333333325,0.12398597030832778,0.75
PB2015.584.23_14_26,0.634,0.1585,0.2745300529996671,0.75
PB2015.6040.7_10_22,0.041,0.01025,0.017753520777580994,0.75
PB2015.10489.6_38_50,0.485333333333,0.25016666666675,0.17220183571084213,0.382744836775
PB2015.12545.1_76_88,0.0,0.0,0.0,NA
PB2015.13274.1_59_71,0.459333333333,0.128749999999925,0.19221058691488851,0.695954692557
PB2015.10740.5_42_54,0.185,0.14808333333325,0.03213804858205133,0.116629150253
PB2015.2166.3_47_59,0.0,0.0,0.0,NA
PB2015.8539.2_96_108,0.230333333333,0.1151666666665,0.1151666666665,0.5
PB2015.7443.1_59_71,0.0,0.0,0.0,NA
PB2015.8879.2_24_36,0.0,0.0,0.0,NA
PB2015.2739.3_72_84,0.0,0.0,0.0,NA
PB2015.8135.1_73_85,0.114666666667,0.048000000000100004,0.04198412398368539,0.46875
PB2015.4263.1_349_361,0.401333333333,0.10033333333325,0.173782431025933,0.75
PB2015.7962.5_139_151,0.313,0.18258333333325,0.1318175032637094,0.386010953903
PB2015.76.3_33_45,0.536666666667,0.20716666666675,0.22450111358310657,0.573813354787
PB2015.7775.2_13_25,0.108333333333,0.052750000000000005,0.05278803262945063,0.506714060031
PB2015.10321.7_18_30,0.0,0.0,0.0,NA
PB2015.3503.6_53_65,0.382666666667,0.09566666666675,0.16569952725756693,0.75
PB2015.1307.3_12_24,0.0,0.0,0.0,NA
PB2015.8879.5_16_28,0.189,0.04725,0.08183940065762944,0.75
PB2015.4066.2_40_52,0.277,0.0716666666666675,0.11861492317579564,0.733139534884
PB2015.6040.10_7_19,0.131,0.057333333333325,0.058485040822413015,0.535610465116
PB2015.6222.1_29_41,0.294,0.0735,0.12730573435631246,0.75
PB2015.3693.1_48_60,0.247333333333,0.141333333333175,0.0998217856424987,0.384139150943
PB2015.8058.4_54_66,0.0903333333333,0.02666666666665,0.037357878835798775,0.6734375
PB2015.8993.1_113_125,1.554,0.3885,0.6729017387405088,0.75
PB2015.4560.6_15_27,0.537333333333,0.272333333333175,0.18630232300081168,0.38035495716
PB2015.9311.2_22_34,0.512666666667,0.22925,0.18611083540625717,0.44429298437
PB2015.11432.3_117_129,0.629,0.3811666666665825,0.2310393785579294,0.308373414954
PB2015.11384.4_8_20,1.406,0.3515,0.6088158588604603,0.75
PB2015.8879.4_16_28,0.0,0.0,0.0,NA
PB2015.5247.1_60_72,0.0,0.0,0.0,NA
PB2015.10687.2_31_43,0.243,0.06075,0.10522208655980929,0.75
PB2015.5660.1_26_38,0.13,0.052833333333325,0.05556452705338354,0.557570977918
PB2015.1699.2_18_30,0.0,0.0,0.0,NA
PB2015.15857.2_71_83,0.524666666667,0.3425,0.12017776185493258,0.19197080292
PB2015.15495.1_13_25,0.305666666667,0.07641666666675,0.13235754921186604,0.75
PB2015.16774.2_113_125,0.0,0.0,0.0,NA
PB2015.15937.2_2_14,0.38,0.13175,0.1553840001415847,0.610531309298
PB2015.8321.2_45_57,0.187,0.07366666666675001,0.07882575721174942,0.567307692307
PB2015.3503.5_64_76,0.287666666667,0.07191666666675,0.1245633205778061,0.75
PB2015.5318.1_116_128,0.5,0.33333333333325,0.1954375433055767,0.281875
PB2015.8150.2_55_67,0.289,0.09849999999999999,0.11804342421329533,0.616751269036
PB2015.7962.1_173_185,0.297333333333,0.14650000000000002,0.14653204048564752,0.50369738339
PB2015.5660.4_17_29,0.121,0.046,0.050363677387577646,0.578804347826
PB2015.2653.9_68_80,0.556666666667,0.1753333333335,0.22794687490254442,0.646863117871
PB2015.3693.2_19_31,1.14233333333,0.2855833333325,0.49464484312676854,0.75
PB2015.5318.1_113_125,0.5,0.2303333333333325,0.2291567876658549,0.517908827786
PB2015.14604.1_344_356,0.391333333333,0.09783333333325,0.1694523040070108,0.75
PB2015.16790.4_32_44,0.0,0.0,0.0,NA
PB2015.4621.1_245_257,0.978333333333,0.36083333333325,0.40390541384491296,0.588914549654
PB2015.9022.1_196_208,0.38,0.2621666666665,0.1525058286681323,0.271773680865
PB2015.13055.2_24_36,0.227333333333,0.13024999999999998,0.0916919283373321,0.382757517594
PB2015.8919.2_222_234,0.267,0.11966666666675,0.12125524043664532,0.528899721448
PB2015.9646.1_298_310,0.168,0.042,0.07274613391789286,0.75
PB2015.10740.4_52_64,0.378333333333,0.12475,0.15447192751061903,0.629091516366
PB2015.8232.5_114_126,0.0,0.0,0.0,NA
PB2015.16778.2_153_165,0.992,0.4563333333335,0.36039692624165265,0.435810810811
PB2015.11784.6_32_44,0.563333333333,0.24524999999999997,0.25059910159894416,0.53712198437
PB2015.8058.2_80_92,0.111333333333,0.050416666666575,0.050960428547716895,0.526033057851
PB2015.12109.1_244_256,0.183666666667,0.12758333333349997,0.0755080477684099,0.289843239713
PB2015.8058.6_72_84,0.0,0.0,0.0,NA
PB2015.15549.4_228_240,0.0,0.0,0.0,NA
PB2015.15602.9_1708_1720,0.0496666666667,0.02425,0.017608986026722107,0.392611683849
PB2015.13409.1_6_18,0.0736666666667,0.018416666666675,0.03189860237274126,0.75
PB2015.14943.11_64_76,0.361,0.15316666666675,0.15796914255643857,0.544613710555
PB2015.4019.2_57_69,0.0,0.0,0.0,NA
PB2015.659.2_268_280,0.335333333333,0.14391666666667502,0.1371358561993654,0.516357845975
PB2015.24.7_33_45,0.328666666667,0.1455833333335,0.11772127509986872,0.425729822553
PB2015.13831.1_30_42,0.0,0.0,0.0,NA
PB2015.8058.6_69_81,0.17,0.0425,0.07361215932167728,0.75
PB2015.16191.8_11_23,0.352333333333,0.21483333333325,0.1334383961066655,0.330682699767
PB2015.1342.4_107_119,0.0,0.0,0.0,NA
PB2015.2653.14_102_114,0.631333333333,0.19858333333325,0.25855822200540163,0.647398237516
PB2015.146.2_45_57,0.553,0.18775000000000003,0.2258388529460775,0.618175765646
PB2015.15247.1_107_119,0.440333333333,0.24149999999975,0.19057784935985192,0.420807453416
PB2015.8321.2_42_54,0.187,0.07366666666675001,0.07882575721174942,0.567307692307
PB2015.10740.4_46_58,0.0,0.0,0.0,NA
PB2015.16577.1_127_139,0.489,0.22816666666675,0.22933290939890402,0.517896274653
PB2015.7962.5_142_154,0.313,0.154,0.1540405790692829,0.504058441558
PB2015.1307.1_32_44,0.0,0.0,0.0,NA
PB2015.10740.2_50_62,0.222,0.058083333333325,0.0947313086225147,0.727761836442
PB2015.15495.1_10_22,0.305666666667,0.07641666666675,0.13235754921186604,0.75
PB2015.8058.5_54_66,0.18,0.045,0.07794228634059948,0.75
PB2015.1198.1_16_28,0.145666666667,0.050833333333425004,0.059598890742980255,0.608196721312
PB2015.15991.1_62_74,0.281666666667,0.10291666666675,0.10864937873743132,0.549595141701
PB2015.10740.4_58_70,0.378333333333,0.1965,0.1078709362564632,0.272688719253
PB2015.14764.9_13_25,0.380666666667,0.12141666666675,0.15569528198817245,0.641901166781
PB2015.1699.4_26_38,0.0,0.0,0.0,NA
PB2015.4066.2_52_64,0.471666666667,0.11791666666675,0.2042376577259745,0.75
PB2015.6040.5_16_28,0.0,0.0,0.0,NA
PB2015.10489.6_32_44,0.305666666667,0.07891666666675,0.13097781300677527,0.734160506864
PB2015.9646.1_301_313,0.395,0.14075000000000001,0.16202372511456462,0.60079928952
PB2015.14943.11_58_70,0.361,0.24591666666675,0.14558051895778085,0.293205692985
PB2015.8058.13_53_65,0.101333333333,0.07466666666659999,0.034149995932917926,0.214285714285
PB2015.8539.5_97_109,0.118666666667,0.057499999999999996,0.05755842442443543,0.507971014493
PB2015.9646.1_295_307,0.168,0.042,0.07274613391789285,0.75
PB2015.2662.3_36_48,0.189666666667,0.0855833333333325,0.08427777320007183,0.519230769231
PB2015.12262.2_152_164,0.236,0.059,0.10219099764656375,0.75
PB2015.5660.2_34_46,0.144333333333,0.054916666666575,0.0600913078386761,0.578528072837
PB2015.8919.1_245_257,0.248666666667,0.11099999999999999,0.1125902107448265,0.53003003003
PB2015.16790.2_55_67,0.0,0.0,0.0,NA
PB2015.4941.3_79_91,0.158,0.0395,0.06841600689897065,0.75
PB2015.10042.3_173_185,0.507333333333,0.202999999999925,0.20962638722777338,0.552134646962
PB2015.14197.1_25_37,0.220333333333,0.05508333333325,0.09540713198344132,0.75
PB2015.8879.4_31_43,0.0,0.0,0.0,NA
PB2015.12545.1_73_85,0.0,0.0,0.0,NA
PB2015.10321.6_14_26,0.0,0.0,0.0,NA
PB2015.9041.2_23_35,0.157,0.03925,0.06798299419707843,0.75
PB2015.10086.9_234_246,0.0,0.0,0.0,NA
PB2015.18.1_40_52,0.68,0.17,0.2944486372867091,0.75
PB2015.11127.3_176_188,0.0,0.0,0.0,NA
PB2015.4800.7_13_25,0.452,0.113,0.19572174125528313,0.75
PB2015.11085.2_30_42,0.539333333333,0.18275000000000002,0.22024208587104996,0.618901048791
PB2015.12262.2_158_170,0.246333333333,0.1726666666665,0.10065259283508905,0.27750965251
PB2015.8879.4_22_34,0.0,0.0,0.0,NA
PB2015.6793.9_151_163,0.272,0.14366666666675001,0.09707900562602177,0.368329466357
PB2015.6040.1_41_53,0.0,0.0,0.0,NA
PB2015.8058.2_68_80,0.178,0.0445,0.07707626093681504,0.75
PB2015.4453.9_23_35,0.819,0.31258333333349997,0.30700238643656413,0.509264196214
PB2015.15184.8_3_15,0.668333333333,0.32808333333325,0.24044419253154098,0.405702311404
PB2015.4560.11_14_26,0.0,0.0,0.0,NA
PB2015.15660.1_26_38,0.942,0.33133333333325,0.38573998150739397,0.605382293763
PB2015.6040.4_15_27,0.0,0.0,0.0,NA
PB2015.3728.2_28_40,0.253333333333,0.08283333333325,0.10346053998169988,0.632293762575
PB2015.8058.13_47_59,0.0906666666667,0.026666666666675,0.03752332607860165,0.675
PB2015.3340.1_29_41,0.828,0.38283333333325,0.31007324403541964,0.450478885503
PB2015.14950.1_21_33,0.376666666667,0.09416666666675,0.16310145104621362,0.75
PB2015.10740.2_47_59,0.222,0.058083333333325,0.0947313086225147,0.727761836442
PB2015.4644.4_523_535,0.390666666667,0.25625,0.1020390380090551,0.221382113821
PB2015.2653.4_78_90,0.505,0.19591666666675,0.21162865472334738,0.572203317737
PB2015.15495.1_16_28,0.305666666667,0.07641666666675,0.13235754921186604,0.75
PB2015.8879.4_28_40,0.0,0.0,0.0,NA
PB2015.7324.1_195_207,0.0973333333333,0.027083333333325,0.04080670900720651,0.699230769231
PB2015.14943.3_56_68,0.345666666667,0.23675000000025004,0.14011966611925963,0.292238648363
PB2015.16790.4_29_41,0.0,0.0,0.0,NA
PB2015.5247.2_63_75,0.0,0.0,0.0,NA
PB2015.6040.8_13_25,0.0,0.0,0.0,NA
PB2015.5866.2_1_13,0.0,0.0,0.0,NA
PB2015.6040.3_25_37,0.0,0.0,0.0,NA
PB2015.12262.2_149_161,0.0,0.0,0.0,NA
PB2015.15660.1_17_29,0.736,0.184,0.31869734859267346,0.75
PB2015.12345.1_19_31,0.737666666667,0.24466666666675,0.3011585960919631,0.626873297003
PB2015.40.8_16_28,0.0,0.0,0.0,NA
PB2015.14451.2_19_31,0.599,0.21008333333325,0.24520539859471852,0.606406188021
PB2015.8455.2_16_28,0.0,0.0,0.0,NA
PB2015.2653.12_88_100,0.548666666667,0.17291666666675,0.22465719255507782,0.646626506024
PB2015.1307.3_83_95,0.470666666667,0.11766666666675,0.20380464502408224,0.75
PB2015.13055.2_12_24,0.008,0.002,0.0034641016151377548,0.75
PB2015.4453.6_61_73,0.794,0.3061666666665,0.2970785997753368,0.506260206859
PB2015.2955.2_32_44,0.31,0.21183333333325002,0.07649491631622235,0.201416207711
PB2015.11748.2_30_42,0.206,0.0515,0.08920061658979717,0.75
PB2015.146.1_38_50,0.565,0.19158333333324998,0.23072896256574515,0.618638538495
PB2015.937.5_43_55,0.02,0.005,0.008660254037844387,0.75
PB2015.4066.2_43_55,0.277,0.0716666666666675,0.11861492317579564,0.733139534884
PB2015.2653.6_79_91,0.63,0.19783333333325,0.25805829444786194,0.648062342039
PB2015.3885.1_52_64,0.273666666667,0.06841666666675,0.11850114275131503,0.75
PB2015.8539.7_64_76,0.0,0.0,0.0,NA
PB2015.6040.1_47_59,0.0,0.0,0.0,NA
PB2015.2166.3_50_62,0.452,0.113,0.19572174125528313,0.75
PB2015.6040.5_13_25,0.0,0.0,0.0,NA
PB2015.6040.8_16_28,0.0,0.0,0.0,NA
PB2015.13808.1_121_133,0.604666666667,0.27249999999999996,0.2757468142256143,0.527370030581
PB2015.9718.7_21_33,0.278666666667,0.09691666666675,0.11397889058957494,0.609415305245
PB2015.13409.2_14_26,0.0786666666667,0.019666666666675,0.03406366588220235,0.75
PB2015.4560.1_32_44,0.191333333333,0.078,0.08190373753505052,0.556623931623
PB2015.6040.4_18_30,0.0,0.0,0.0,NA
PB2015.4653.10_56_68,0.307,0.12483333333325,0.13125134919937173,0.55740987984
PB2015.14950.1_35_47,0.26,0.065,0.11258330249197702,0.75
PB2015.11384.4_11_23,0.0,0.0,0.0,NA
PB2015.15991.1_59_71,0.281666666667,0.09416666666675,0.11499094167236791,0.62389380531
PB2015.6040.6_17_29,0.0,0.0,0.0,NA
PB2015.15184.9_46_58,0.516,0.2690833333335,0.18309823941748174,0.366754413131
PB2015.2535.1_60_72,0.0,0.0,0.0,NA
PB2015.2653.4_75_87,0.505,0.15766666666675,0.2069915457210624,0.650369978858
PB2015.6040.10_16_28,0.0983333333333,0.024583333333325,0.04257958235272047,0.75
PB2015.6837.1_4_16,0.0,0.0,0.0,NA
PB2015.14701.1_3_15,0.120333333333,0.03008333333325,0.05210586179421939,0.75
PB2015.4904.1_19_31,0.0,0.0,0.0,NA
PB2015.13274.1_56_68,0.459333333333,0.128749999999925,0.19221058691488851,0.695954692557
PB2015.659.1_51_63,0.294666666667,0.13191666666675,0.11621684114918023,0.484680985471
PB2015.11891.1_55_67,0.0,0.0,0.0,NA
PB2015.3864.2_2_14,0.211333333333,0.14958333333325,0.08707129103331353,0.27479108635
PB2015.14943.5_110_122,0.350333333333,0.24058333333325002,0.14249744149743546,0.292258399723
PB2015.8273.1_524_536,0.203,0.060750000000000005,0.08304328690508343,0.65329218107
PB2015.7783.1_21_33,0.273333333333,0.1215,0.12337870786949198,0.531207133059
PB2015.8879.5_25_37,0.189,0.04725,0.08183940065762944,0.75
PB2015.7962.1_170_182,0.297333333333,0.17341666666674999,0.12553316848098947,0.386713118692
PB2015.15557.7_32_44,0.512333333333,0.2914166666665,0.20410487160057933,0.382542179011
PB2015.3623.1_52_64,0.316666666667,0.07916666666675,0.13712068893268045,0.75
PB2015.4701.5_1_13,0.146,0.0365,0.06321985447626402,0.75
PB2015.8879.3_45_57,0.0,0.0,0.0,NA
PB2015.15991.1_65_77,0.27,0.1,0.10386289038920495,0.54375
PB2015.15557.7_29_41,0.567333333333,0.43324999999975,0.1390815857689392,0.166522408155
PB2015.1095.14_20_32,0.385,0.2241666666665,0.13395158744029773,0.328996282528
PB2015.13927.1_51_63,0.0,0.0,0.0,NA
PB2015.76.1_37_49,0.280666666667,0.07016666666675,0.12153223166456058,0.75
PB2015.2351.6_18_30,0.0356666666667,0.008916666666675,0.015444119700836924,0.75
PB2015.9646.1_283_295,0.0,0.0,0.0,NA
PB2015.10687.1_35_47,0.248,0.062,0.1073871500692704,0.75
PB2015.3728.2_19_31,0.078,0.0195,0.0337749907475931,0.75
PB2015.7680.3_70_82,3.19966666667,1.54558333333575,1.0451067030861465,0.359047285275
PB2015.9210.1_21_33,0.023,0.00575,0.009959292143521046,0.75
PB2015.16048.1_27_39,0.221333333333,0.10033333333325001,0.10139197864384128,0.525747508305
PB2015.16774.2_128_140,0.493666666667,0.21525000000025,0.17768892527870875,0.438734030197
PB2015.10086.3_241_253,0.0923333333333,0.023083333333325,0.03998150614136715,0.75
PB2015.2955.2_266_278,0.254333333333,0.1951666666665,0.058417320490811345,0.161614005124
PB2015.13055.2_18_30,0.089,0.02425,0.03752582444130975,0.708762886598
PB2015.14604.1_347_359,0.391333333333,0.09783333333325,0.1694523040070108,0.75
PB2015.6040.10_13_25,0.131,0.057333333333325,0.05848504082241302,0.535610465116
PB2015.197.1_8_20,0.0,0.0,0.0,NA
PB2015.12042.1_21_33,0.773333333333,0.42475000000000007,0.279951620324265,0.360751422405
PB2015.11432.2_96_108,0.786,0.47208333333325003,0.2891528214744771,0.316460723742
PB2015.367.2_36_48,0.255333333333,0.1181666666665,0.11892796605959308,0.520098730607
PB2015.2653.14_105_117,0.631333333333,0.24525000000000002,0.26469714087772456,0.571780496092
PB2015.2040.1_71_83,0.786666666667,0.20608333333342502,0.3355524776810205,0.727153255156
PB2015.5318.4_229_241,0.485,0.3245,0.1900906947281243,0.281715459681
PB2015.2653.5_107_119,0.556,0.17533333333325002,0.2276459238964574,0.6463878327
PB2015.1114.1_13_25,0.658666666667,0.16466666666675,0.2852110329798195,0.75
PB2015.10740.5_39_51,0.185,0.1045,0.06665770773136442,0.33971291866
PB2015.76.4_22_34,0.419666666667,0.10491666666675,0.18172099722757903,0.75
PB2015.15855.1_199_211,0.835666666667,0.30016666666674996,0.3432068132580644,0.598001110494
PB2015.16048.1_30_42,0.221333333333,0.05533333333325,0.09584014468533354,0.75
PB2015.9646.1_289_301,0.0,0.0,0.0,NA
PB2015.9969.1_31_43,0.114666666667,0.08600000000025,0.04965212315045215,0.25
PB2015.5660.2_31_43,0.144333333333,0.054916666666575,0.0600913078386761,0.578528072837
PB2015.11545.1_52_64,0.166333333333,0.05133333333325,0.06827761956391104,0.655032467532
PB2015.11127.3_179_191,0.0,0.0,0.0,NA
PB2015.9718.7_18_30,0.278666666667,0.09691666666675,0.11397889058957494,0.609415305245
PB2015.8879.2_27_39,0.0,0.0,0.0,NA
PB2015.2739.1_109_121,0.266333333333,0.10016666666650001,0.11050502753756375,0.582362728785
PB2015.6040.10_10_22,0.131,0.057333333333325,0.05848504082241302,0.535610465116
PB2015.8919.2_225_237,0.267,0.12066666666675,0.12027676417336462,0.522444751381
PB2015.1198.1_19_31,0.145666666667,0.052666666666757504,0.058100965759941385,0.57832278481
PB2015.16106.5_84_96,0.382,0.14616666666675,0.15932592381658867,0.576681870011
PB2015.3894.2_54_66,0.192666666667,0.04816666666675,0.08342711389804525,0.75
PB2015.15602.8_393_405,0.046,0.022416666666675,0.016294810012188056,0.39126394052
PB2015.2653.9_71_83,0.556666666667,0.21625,0.23339396533671763,0.571772639692
PB2015.16068.1_112_124,0.241333333333,0.11141666666649999,0.11218198879978003,0.520755422588
PB2015.3693.1_33_45,0.259666666667,0.06491666666675,0.11243896492482396,0.75
PB2015.10718.1_47_59,0.307666666667,0.146,0.14641967839818337,0.513413242009
PB2015.6040.3_19_31,0.0,0.0,0.0,NA
PB2015.8919.1_248_260,0.248666666667,0.11549999999999999,0.10834346106509816,0.49963924964
PB2015.10086.6_222_234,0.0,0.0,0.0,NA
PB2015.1248.2_138_150,0.637,0.33575,0.1882973970139363,0.291945892281
PB2015.10740.4_55_67,0.378333333333,0.1525,0.138737662113955,0.46912568306
PB2015.10741.3_7_19,0.237666666667,0.05941666666675,0.10291268548319514,0.75
PB2015.1095.14_17_29,0.319333333333,0.1279166666665,0.1215516294052736,0.512214983713
PB2015.14943.3_62_74,0.345666666667,0.1445833333335,0.15000155091806877,0.548847262248
PB2015.14317.1_69_81,0.319333333333,0.12458333333325,0.13409954325040613,0.570401337793
PB2015.15466.1_32_44,0.0,0.0,0.0,NA
PB2015.3693.2_16_28,0.0,0.0,0.0,NA
PB2015.6040.6_14_26,0.05,0.0125,0.02165063509461097,0.75
PB2015.2653.8_101_113,0.637333333333,0.20058333333325,0.2610000399104578,0.647174906523
PB2015.3731.3_207_219,0.502,0.36941666666675,0.11204943725376976,0.167550191744
PB2015.4082.1_25_37,0.0,0.0,0.0,NA
PB2015.5319.1_174_186,0.454666666667,0.23616666666675,0.18680538000827604,0.431898376853
PB2015.15660.1_23_35,0.942,0.4195,0.4257754689974517,0.530691299166
PB2015.10897.1_36_48,0.158333333333,0.03958333333325,0.06856034446612372,0.75
PB2015.7289.2_58_70,0.256666666667,0.12758333333325,0.09149540820305677,0.39337034618
PB2015.2653.5_110_122,0.556,0.21600000000000003,0.2331179958733345,0.571759259259
PB2015.4213.1_33_45,0.0,0.0,0.0,NA
PB2015.8058.13_56_68,0.372,0.1636666666666,0.12036010782465888,0.326374745417
PB2015.10086.17_218_230,0.0,0.0,0.0,NA
PB2015.2861.1_7_19,0.0,0.0,0.0,NA
PB2015.24.1_34_46,0.347333333333,0.1534166666665,0.12447944386289236,0.427077675176
PB2015.13930.3_43_55,0.0,0.0,0.0,NA
PB2015.3728.2_25_37,0.078,0.0195,0.03377499074759311,0.75
PB2015.6040.2_19_31,0.0,0.0,0.0,NA
PB2015.10086.2_242_254,0.0,0.0,0.0,NA
PB2015.9000.3_44_56,0.360666666667,0.21791666666675,0.13298838190702125,0.31328871893
PB2015.13055.2_15_27,0.089,0.02425,0.03752582444130975,0.708762886598
PB2015.8058.4_63_75,0.368,0.16216666666665,0.11890343888122064,0.324768756424
PB2015.10504.1_25_37,0.291666666667,0.08208333333342499,0.12192538132458426,0.694162436548
PB2015.10309.1_33_45,0.24,0.10116666666675,0.10461397293547318,0.546540362438
PB2015.584.23_20_32,0.0,0.0,0.0,NA
PB2015.12262.2_161_173,0.246333333333,0.1726666666665,0.10065259283508905,0.27750965251
PB2015.7602.1_207_219,0.604666666667,0.31075000000025,0.2329993293982877,0.417337087691
PB2015.12545.1_82_94,0.0,0.0,0.0,NA
PB2015.13139.1_19_31,0.130333333333,0.0651666666665,0.0651666666665,0.5
PB2015.4941.5_81_93,0.158333333333,0.03958333333325,0.06856034446612372,0.75
PB2015.1182.1_27_39,0.249333333333,0.11025,0.08938909174053311,0.429516250944
PB2015.8879.2_18_30,0.0,0.0,0.0,NA
PB2015.15549.4_231_243,0.0,0.0,0.0,NA
PB2015.15089.2_25_37,0.118666666667,0.02966666666675,0.05138417395802103,0.75
PB2015.7258.4_27_39,0.548333333333,0.13708333333325,0.2374352982040893,0.75
PB2015.15549.11_15_27,0.0,0.0,0.0,NA
PB2015.10897.1_39_51,0.312,0.11758333333325,0.1295280696734362,0.581679659816
PB2015.2374.1_29_41,0.356333333333,0.11775,0.1454833657920449,0.628273177636
PB2015.2991.1_43_55,0.293666666667,0.07341666666675,0.1271613967891594,0.75
PB2015.15602.7_71_83,0.0503333333333,0.01816666666665825,0.020600026968685695,0.594036697248
PB2015.32.1_18_30,0.0993333333333,0.024833333333325,0.04301259505461268,0.75
PB2015.9969.1_34_46,0.114666666667,0.080666666666825,0.0473802584300678,0.28305785124
PB2015.367.2_39_51,0.255333333333,0.1181666666665,0.11892796605959308,0.520098730607
PB2015.4621.1_239_251,0.978333333333,0.28075,0.40705721512921245,0.685589195607
PB2015.4653.2_22_34,0.227,0.097,0.09976722908851383,0.542525773196
PB2015.8058.2_77_89,0.178,0.094916666666575,0.06364457513756992,0.36545215101
PB2015.9088.14_21_33,0.387666666667,0.2205833333335,0.10050024184615912,0.234510766906
PB2015.2374.2_33_45,0.301333333333,0.099999999999925,0.12302122671388319,0.626666666667
PB2015.6213.1_44_56,0.187,0.04675,0.08097337525384501,0.75
PB2015.14764.9_16_28,0.380666666667,0.09516666666675,0.1648335018537825,0.75
PB2015.433.3_140_152,0.454333333333,0.22075,0.22093643819483003,0.507266893167
PB2015.10504.1_19_31,0.404333333333,0.174,0.17850132274636912,0.540469348659
PB2015.15187.2_7_19,0.188,0.08025,0.08257231678958754,0.542834890966
PB2015.16106.3_89_101,0.0,0.0,0.0,NA
PB2015.11219.3_128_140,0.123,0.03075,0.053260562332742976,0.75
PB2015.4560.12_5_17,0.0,0.0,0.0,NA
PB2015.12545.1_79_91,0.0,0.0,0.0,NA
PB2015.2451.1_46_58,0.326666666667,0.19250000000025,0.13217444281465845,0.370779220779
PB2015.197.1_5_17,0.0,0.0,0.0,NA
PB2015.14197.1_22_34,0.220333333333,0.05508333333325,0.09540713198344132,0.75
PB2015.10687.3_29_41,0.249333333333,0.06233333333325,0.10796450033831567,0.75
PB2015.9311.2_25_37,0.512666666667,0.22925,0.18611083540625717,0.44429298437
PB2015.8150.2_4_16,0.106666666667,0.03591666666675,0.04355097587898338,0.621229698376
PB2015.14092.1_61_73,0.0,0.0,0.0,NA
PB2015.11219.3_125_137,0.123,0.03075,0.053260562332742976,0.75
PB2015.6837.1_10_22,0.164333333333,0.04108333333325,0.07115842067747703,0.75
PB2015.937.3_176_188,0.0873333333333,0.021833333333325,0.037816442631906054,0.75
PB2015.16790.4_26_38,0.0,0.0,0.0,NA
PB2015.7258.3_34_46,0.105333333333,0.03733333333325,0.04317406628971456,0.602678571428
PB2015.15549.11_12_24,0.0,0.0,0.0,NA
PB2015.10740.4_49_61,0.120666666667,0.03016666666675,0.05225019936180547,0.75
PB2015.3809.4_17_29,0.105333333333,0.02633333333325,0.0456106712658361,0.75
PB2015.240.3_75_87,0.591,0.23258333333325001,0.21822012013868827,0.477337871731
PB2015.10740.5_33_45,0.123,0.03075,0.053260562332742976,0.75
PB2015.10321.9_5_17,0.0,0.0,0.0,NA
PB2015.1182.1_3_15,0.0,0.0,0.0,NA
PB2015.2653.6_82_94,0.63,0.24466666666675002,0.2641123498311858,0.571866485014
PB2015.5568.1_102_114,0.257333333333,0.06433333333325,0.11142860195345344,0.75
PB2015.6040.8_10_22,0.0,0.0,0.0,NA
PB2015.14640.5_19_31,0.0,0.0,0.0,NA
PB2015.14640.2_22_34,0.257,0.06425,0.11128426438630036,0.75
PB2015.16367.1_66_78,0.429666666667,0.25591666666675,0.1737023915591328,0.365597525236
PB2015.1342.6_96_108,0.0,0.0,0.0,NA
PB2015.8058.6_63_75,0.17,0.0425,0.07361215932167728,0.75
PB2015.7324.1_198_210,0.169666666667,0.045166666666750004,0.07202025178161638,0.719557195572
PB2015.5767.2_48_60,0.206666666667,0.09816666666675,0.09843822089692304,0.513157894737
PB2015.8058.4_57_69,0.1,0.05166666666665,0.044014517806943224,0.452419354839
PB2015.14943.3_59_71,0.345666666667,0.22850000000025,0.13914231323853798,0.31181619256
PB2015.4621.1_242_254,0.978333333333,0.28075,0.40705721512921245,0.685589195607
PB2015.12262.2_155_167,0.246333333333,0.12058333333325,0.12063866502899906,0.505355908777
PB2015.11953.1_116_128,0.403,0.18725000000000003,0.14319283327038407,0.403538050734
PB2015.2363.1_22_34,0.0,0.0,0.0,NA
PB2015.9646.1_307_319,0.395,0.2414166666665,0.15798670390604544,0.350276147739
PB2015.8879.3_51_63,0.0,0.0,0.0,NA
PB2015.9006.1_174_186,0.025,0.00625,0.010825317547305485,0.75
PB2015.1819.1_838_850,0.283666666667,0.20616666666675,0.05364932432018989,0.144300727567
PB2015.367.2_42_54,0.255333333333,0.1181666666665,0.11892796605959308,0.520098730607
PB2015.8058.13_50_62,0.101333333333,0.051999999999924995,0.0445221542854189,0.455128205128
PB2015.3885.1_49_61,0.273666666667,0.06841666666675,0.11850114275131503,0.75
PB2015.2528.1_21_33,0.268333333333,0.17408333333325,0.10292995865574191,0.289971278123
PB2015.14640.5_25_37,0.262,0.0655,0.11344932789576147,0.75
PB2015.9042.1_10_22,0.186,0.08708333333325,0.0874844033718056,0.516985645933
PB2015.8879.4_25_37,0.0,0.0,0.0,NA
PB2015.4904.1_16_28,0.0,0.0,0.0,NA
PB2015.8879.1_52_64,0.0,0.0,0.0,NA
PB2015.8946.3_17_29,0.0,0.0,0.0,NA
PB2015.8879.1_61_73,0.610666666667,0.15266666666675,0.2644264232889929,0.75
PB2015.10740.1_50_62,0.360666666667,0.12116666666675,0.1472506366710851,0.622077028886
PB2015.6213.1_41_53,0.187,0.04675,0.08097337525384501,0.75
PB2015.14186.3_8_20,0.166666666667,0.04166666666675,0.07216878364884756,0.75
PB2015.2166.1_101_113,1.308,0.477916666666675,0.5143591684481382,0.562641673932
PB2015.5660.1_23_35,0.13,0.0645,0.06450387585254083,0.501937984496
PB2015.14639.1_188_200,0.291666666667,0.10708333333339999,0.1119251672126855,0.543385214008
PB2015.2166.1_98_110,1.308,0.474916666666675,0.5170955948049261,0.570933497105
PB2015.8058.13_44_56,0.016,0.004,0.0069282032302755096,0.75
PB2015.4621.1_281_293,0.0,0.0,0.0,NA
PB2015.16790.2_49_61,0.0,0.0,0.0,NA
PB2015.6040.4_9_21,0.0,0.0,0.0,NA
PB2015.14640.1_35_47,0.0,0.0,0.0,NA
PB2015.2955.1_21_33,0.311333333333,0.13283333333325,0.11241626513381824,0.439460476788
PB2015.16367.1_72_84,0.564666666667,0.29941666666682504,0.21343400944779073,0.396534929029
PB2015.2166.1_89_101,0.049,0.01225,0.02121762239271875,0.75
PB2015.6793.9_148_160,0.272,0.1635833333335,0.10153307479726482,0.330489047376
PB2015.10740.1_53_65,0.360666666667,0.14891666666675,0.13140847575417383,0.459569110241
PB2015.5660.1_29_41,0.13,0.052833333333325,0.05556452705338354,0.557570977918
PB2015.1198.1_10_22,0.145666666667,0.0728333333335,0.0728333333335,0.5
PB2015.9969.1_37_49,0.275333333333,0.120833333333325,0.09907727063019668,0.438275862069
PB2015.6040.6_11_23,0.05,0.0125,0.02165063509461097,0.75
PB2015.15660.1_29_41,0.942,0.33133333333325,0.38573998150739397,0.605382293763
PB2015.13426.3_162_174,0.117,0.0839166666665,0.04855030323732255,0.261420059583
PB2015.10489.6_29_41,0.01,0.0025,0.004330127018922193,0.75
PB2015.6040.8_7_19,0.0,0.0,0.0,NA
PB2015.197.2_19_31,0.0,0.0,0.0,NA
PB2015.15602.7_74_86,0.022,0.005583333333333249,0.009479143772866173,0.742537313433
PB2015.1114.1_19_31,0.0,0.0,0.0,NA
PB2015.11784.3_17_29,0.312,0.078,0.13509996299037244,0.75
PB2015.14898.1_171_183,0.112333333333,0.02808333333325,0.04864176017908163,0.75
PB2015.12133.2_157_169,0.695333333333,0.21633333333325,0.2851262878093147,0.651771956857
PB2015.13409.4_19_31,0.263666666667,0.1075,0.11287370031251055,0.556589147287
PB2015.16118.1_10_22,0.0906666666667,0.022666666666675,0.03925981830490898,0.75
PB2015.2653.12_91_103,0.548666666667,0.2130833333335,0.23001659058536514,0.571861556511
PB2015.7258.3_31_43,0.349666666667,0.09841666666675,0.14616721303599017,0.694115156647
PB2015.5698.3_13_25,0.027,0.00675,0.011691342951089922,0.75
PB2015.4941.3_82_94,0.158,0.0395,0.06841600689897065,0.75
PB2015.7258.3_37_49,0.513666666667,0.16575,0.20432346020209463,0.604198089492
PB2015.4560.11_17_29,0.0,0.0,0.0,NA
PB2015.3885.1_55_67,0.433666666667,0.10841666666675,0.18778317505407013,0.75
PB2015.16068.1_115_127,0.241333333333,0.16249999999974998,0.09502762756153033,0.278461538462
PB2015.16675.1_326_338,0.408666666667,0.16666666666675,0.17497237877268992,0.5565
PB2015.11175.1_162_174,0.261,0.06525,0.11301631519386925,0.75
PB2015.2653.8_104_116,0.637333333333,0.24758333333325,0.26721374871053144,0.571777179401
PB2015.1129.3_68_80,0.129,0.03225,0.05585863854409629,0.75
PB2015.7980.2_140_152,0.269,0.14,0.0952706670492025,0.361607142857
PB2015.11248.1_25_37,0.574,0.2216666666665,0.21319696162109394,0.48552631579
PB2015.3894.1_85_97,0.187333333333,0.04683333333325,0.08111771282099808,0.75
PB2015.8332.1_2_14,0.0,0.0,0.0,NA
PB2015.13426.10_62_74,0.154,0.10716666666649999,0.06224570489413484,0.269440124417
PB2015.10309.1_36_48,0.164666666667,0.07708333333350001,0.07744007539900431,0.517027027027
PB2015.1182.1_6_18,0.0,0.0,0.0,NA
PB2015.5247.3_24_36,0.809666666667,0.20241666666675,0.35059595096554463,0.75
PB2015.9646.1_292_304,0.168,0.042,0.07274613391789285,0.75
PB2015.937.5_40_52,0.02,0.005,0.008660254037844387,0.75
PB2015.14680.1_195_207,0.545666666667,0.3365833333335,0.14601205715075527,0.241582074771
PB2015.14640.2_16_28,0.0,0.0,0.0,NA
PB2015.9311.2_28_40,0.248,0.10108333333325001,0.10615171925122452,0.556677658698
PB2015.4560.6_12_24,0.537333333333,0.221333333333175,0.22244449994432908,0.53953313253
PB2015.8425.1_25_37,0.32,0.22916666666649999,0.055617992692349315,0.125090909091
PB2015.4951.2_140_152,0.131333333333,0.03283333333325,0.0568690015150338,0.75
PB2015.6213.1_50_62,0.0,0.0,0.0,NA
PB2015.8993.1_116_128,1.554,0.3885,0.6729017387405088,0.75
PB2015.8167.2_22_34,0.683333333333,0.33958333333324997,0.2417654252230373,0.381901840491
PB2015.5723.1_30_42,0.255666666667,0.13391666666675,0.09101507048600103,0.36947728687
PB2015.3731.2_251_263,0.533666666667,0.39166666666675,0.1145413559473591,0.162021276596
PB2015.2535.1_54_66,0.838,0.27975,0.3421128286106792,0.624441465594
PB2015.10740.1_56_68,0.360666666667,0.14891666666675,0.13140847575417383,0.459569110241
PB2015.937.3_173_185,0.0873333333333,0.021833333333325,0.037816442631906054,0.75
PB2015.13055.2_30_42,0.574666666667,0.25166666666674997,0.20643777647418507,0.433774834437
PB2015.6213.1_47_59,0.0,0.0,0.0,NA
PB2015.2372.2_33_45,0.0,0.0,0.0,NA
PB2015.8879.1_49_61,0.0,0.0,0.0,NA
PB2015.197.2_22_34,0.0,0.0,0.0,NA
PB2015.3894.2_51_63,0.0,0.0,0.0,NA
PB2015.8879.3_48_60,0.0,0.0,0.0,NA
PB2015.14604.1_350_362,0.0,0.0,0.0,NA
PB2015.14395.1_32_44,0.618333333333,0.29733333333315753,0.25693481663628326,0.467488789238
PB2015.2040.1_74_86,1.095,0.47983333333342504,0.4739008628160763,0.525442862105
PB2015.15602.8_396_408,0.046,0.016666666666675,0.018920887928426264,0.595
PB2015.10741.4_39_51,0.0,0.0,0.0,NA
PB2015.8879.2_21_33,0.0,0.0,0.0,NA
PB2015.10086.7_222_234,0.0876666666667,0.021916666666675,0.03796078019923234,0.75
PB2015.10740.5_45_57,0.185,0.11733333333325,0.0735674293873122,0.329900568182
PB2015.4263.1_352_364,0.568666666667,0.2425,0.24961231050487764,0.543127147766
PB2015.16790.2_52_64,0.0,0.0,0.0,NA
PB2015.240.2_98_110,0.611666666667,0.24475000000025,0.22477252389925417,0.472165474974
PB2015.12545.1_85_97,0.205333333333,0.05133333333325,0.08891194145505803,0.75
PB2015.8879.2_30_42,0.0,0.0,0.0,NA
PB2015.2166.3_56_68,1.11833333333,0.3936666666658325,0.45691860446900606,0.603725656223
PB2015.2463.2_18_30,0.149666666667,0.03741666666675,0.06480756771667982,0.75
PB2015.13274.1_50_62,0.312,0.078,0.13509996299037244,0.75
PB2015.16146.2_75_87,0.0896666666667,0.022416666666675,0.038826805603016774,0.75
PB2015.3809.4_14_26,0.105333333333,0.02633333333325,0.0456106712658361,0.75
PB2015.7962.11_80_92,0.297333333333,0.14658333333325,0.14661293996998198,0.503553155202
PB2015.14091.4_62_74,0.0,0.0,0.0,NA
PB2015.15549.17_1_13,0.0,0.0,0.0,NA
PB2015.2166.1_95_107,1.308,0.45275,0.5347762966886248,0.611126449475
PB2015.4621.1_248_260,1.23033333333,0.6684166666657501,0.4743305443219839,0.393124298715
PB2015.14940.3_71_83,0.0,0.0,0.0,NA
PB2015.16068.1_109_121,0.243333333333,0.11191666666649999,0.11276287189381295,0.521779597915
PB2015.8879.1_55_67,0.0,0.0,0.0,NA
PB2015.10321.5_26_38,0.0,0.0,0.0,NA
PB2015.3621.2_109_121,0.643666666667,0.37266666666675,0.23323390738827643,0.326252236136
PB2015.4904.1_13_25,0.0,0.0,0.0,NA
PB2015.24.1_37_49,0.347333333333,0.18133333333325,0.12855241040996512,0.395450367647
PB2015.14701.1_6_18,0.120333333333,0.03008333333325,0.052105861794219395,0.75
PB2015.2965.1_10_22,0.0,0.0,0.0,NA
PB2015.14764.9_19_31,0.0,0.0,0.0,NA
PB2015.8455.2_13_25,0.0,0.0,0.0,NA
PB2015.11085.1_29_41,0.266333333333,0.114,0.1171781644429091,0.542032163742
PB2015.4951.2_74_86,0.118666666667,0.02966666666675,0.05138417395802103,0.75
PB2015.14451.2_22_34,0.672333333333,0.3781666666665,0.2725044851822043,0.39246364037
PB2015.15187.2_10_22,0.188,0.08025,0.08257231678958754,0.542834890966
PB2015.10741.3_4_16,0.237666666667,0.05941666666675,0.10291268548319513,0.75
PB2015.6040.1_44_56,0.0,0.0,0.0,NA
PB2015.10740.2_59_71,0.0,0.0,0.0,NA
PB2015.11432.3_86_98,0.869,0.6001666666665,0.16613456727743092,0.146417661761
PB2015.2861.1_4_16,0.061,0.01525,0.02641377481542538,0.75
PB2015.14640.2_13_25,0.0,0.0,0.0,NA
PB2015.4453.4_73_85,0.788333333333,0.31208333333325,0.2944668793862881,0.500734312417
PB2015.12109.1_247_259,0.183666666667,0.16333333333349997,0.0203333333335,0.0622448979596
PB2015.16367.1_60_72,0.401,0.10025,0.17363809345877995,0.75
PB2015.8539.4_104_116,0.399666666667,0.1320833333335,0.1631751572528382,0.628233438486
PB2015.584.23_17_29,0.0,0.0,0.0,NA
PB2015.5319.1_177_189,0.454666666667,0.3073333333335,0.1796522876127207,0.28077548807
PB2015.14801.1_69_81,0.0,0.0,0.0,NA
PB2015.10086.20_245_257,0.0,0.0,0.0,NA
PB2015.16367.1_69_81,0.564666666667,0.3970833333335,0.13305186436553407,0.18001049318
PB2015.14451.2_25_37,0.672333333333,0.51799999999975,0.16479735030236428,0.160794723295
PB2015.24.6_76_88,0.327,0.14425,0.11720456357250959,0.425621028308
PB2015.5568.1_99_111,0.478333333333,0.1839166666665,0.19982608758046702,0.575101948346
PB2015.2535.1_57_69,0.838,0.2095,0.3628646441856798,0.75
PB2015.4560.1_29_41,0.120666666667,0.03016666666675,0.05225019936180548,0.75
PB2015.32.1_15_27,0.0993333333333,0.024833333333325,0.04301259505461268,0.75
PB2015.24.6_73_85,0.327,0.17566666666675,0.08737403631636868,0.216318785579
PB2015.15901.1_78_90,0.138,0.0345,0.05975575286112627,0.75
PB2015.13930.3_46_58,0.00133333333333,0.0003333333333325,0.0005773502691881824,0.75
PB2015.1248.1_177_189,0.655333333333,0.34291666666674997,0.19528588374171274,0.294592952612
PB2015.2351.1_39_51,0.0306666666667,0.007666666666675,0.013279056191375826,0.75
PB2015.6040.7_7_19,0.041,0.01025,0.017753520777580994,0.75
PB2015.3874.2_15_27,0.420666666667,0.10516666666675,0.18215400992947126,0.75
PB2015.11545.1_55_67,0.166333333333,0.05183333333325,0.06790618528514848,0.646302250804
PB2015.8058.6_66_78,0.17,0.0425,0.07361215932167728,0.75
PB2015.14801.1_72_84,1.06466666667,0.2661666666675,0.46101418994935955,0.75
PB2015.8058.2_83_95,0.176666666667,0.094583333333325,0.06321057181278975,0.3640969163
PB2015.10740.2_53_65,0.222,0.058083333333325,0.0947313086225147,0.727761836442
PB2015.8232.4_136_148,0.0,0.0,0.0,NA
PB2015.11219.3_131_143,0.246333333333,0.09233333333325,0.10211186676046848,0.583483754512
PB2015.14943.5_116_128,0.350333333333,0.1489166666665,0.15347409752483143,0.544068270845
PB2015.12262.2_143_155,0.0,0.0,0.0,NA
PB2015.8058.5_57_69,0.18,0.068,0.07477967638335967,0.580882352941
PB2015.3503.1_224_236,0.297666666667,0.07441666666675,0.12889344759672827,0.75
PB2015.10687.3_26_38,0.249333333333,0.06233333333325,0.10796450033831569,0.75
PB2015.14640.1_38_50,0.0,0.0,0.0,NA
PB2015.10687.2_28_40,0.243,0.06075,0.10522208655980929,0.75
PB2015.8879.1_58_70,0.610666666667,0.15266666666675,0.2644264232889929,0.75
PB2015.8167.1_21_33,0.684333333333,0.3401666666665,0.24213569427985046,0.382043116119
PB2015.2111.1_124_136,0.315666666667,0.17966666666675002,0.11780704562980375,0.359693877551
PB2015.13930.1_106_118,0.0603333333333,0.015083333333325,0.02612509968081613,0.75
PB2015.32.1_21_33,0.0993333333333,0.024833333333325,0.04301259505461268,0.75
PB2015.14640.1_41_53,0.261333333333,0.06533333333325,0.11316065276102233,0.75
PB2015.2166.1_92_104,0.503,0.12575,0.2178053890517863,0.75
PB2015.14638.1_571_583,0.0,0.0,0.0,NA
PB2015.8879.3_57_69,0.0,0.0,0.0,NA
PB2015.24.1_31_43,0.347333333333,0.18749999999975,0.09231603327694717,0.217333333333
PB2015.12262.2_146_158,0.0,0.0,0.0,NA
PB2015.1016.4_50_62,0.2,0.13516666666675,0.04094813793081337,0.157521578298
PB2015.14943.5_113_125,0.350333333333,0.23466666666650002,0.1416837244631744,0.305930397727
PB2015.8879.5_22_34,0.189,0.04725,0.08183940065762944,0.75
PB2015.7055.2_25_37,0.0,0.0,0.0,NA
PB2015.4319.2_28_40,1.39666666667,0.7315833333339999,0.5114620315559305,0.389138854084
PB2015.9555.2_64_76,0.108666666667,0.02716666666675,0.04705404693909884,0.75
PB2015.4082.2_13_25,0.0,0.0,0.0,NA
PB2015.6040.2_22_34,0.0,0.0,0.0,NA
PB2015.2965.1_13_25,0.0,0.0,0.0,NA
PB2015.2965.1_7_19,0.277333333333,0.06933333333325,0.12008885599129782,0.75
PB2015.6837.1_7_19,0.0,0.0,0.0,NA
PB2015.8879.1_46_58,0.0,0.0,0.0,NA
PB2015.6040.6_8_20,0.05,0.0125,0.02165063509461097,0.75
PB2015.14801.1_78_90,2.07933333333,1.0521666666675,0.7352616125483628,0.370544907333
PB2015.14801.1_75_87,1.06466666667,0.532333333335,0.532333333335,0.5
PB2015.860.2_31_43,0.333666666667,0.11941666666675,0.13695627343560804,0.599267271459
PB2015.5660.4_20_32,0.121,0.046,0.050363677387577646,0.578804347826
PB2015.15091.1_13_25,0.296666666667,0.10899999999999999,0.12237329047732778,0.590214067279
PB2015.8321.2_48_60,0.187,0.07366666666675001,0.07882575721174942,0.567307692307
PB2015.8879.5_19_31,0.189,0.04725,0.08183940065762944,0.75
PB2015.4644.2_465_477,0.428333333333,0.28400000000000003,0.11038291937088114,0.216109154929
PB2015.40.8_13_25,0.0,0.0,0.0,NA
PB2015.13281.2_17_29,0.763333333333,0.2791666666665,0.2985582485507581,0.560895522388
PB2015.24.6_79_91,0.327,0.17241666666674998,0.12245415808916227,0.395964233929
PB2015.2653.10_77_89,0.169333333333,0.04233333333325,0.07332348418693813,0.75
PB2015.9000.3_41_53,0.360666666667,0.15275,0.1576522852849712,0.545144571741
PB2015.15660.1_20_32,0.736,0.184,0.31869734859267346,0.75
PB2015.4048.1_106_118,0.266,0.10091666666675,0.11064743181236875,0.579479768786
PB2015.6040.2_13_25,0.0,0.0,0.0,NA
PB2015.24.7_30_42,0.328666666667,0.17800000000024999,0.08701819733064842,0.21558988764
PB2015.6040.7_16_28,0.0,0.0,0.0,NA
PB2015.14714.1_79_91,0.165,0.04125,0.07144709581221619,0.75
PB2015.16828.1_213_225,0.0,0.0,0.0,NA
PB2015.2662.3_12_24,0.00533333333333,0.0013333333333325,0.0023094010767570595,0.75
PB2015.8058.5_66_78,0.174,0.09391666666675,0.06222020706064301,0.359139307897
PB2015.6213.1_38_50,0.187,0.04675,0.080973375253845,0.75
PB2015.1198.1_13_25,0.145666666667,0.08725000000017501,0.06187234842818705,0.376074498568
PB2015.10687.1_38_50,0.248,0.062,0.1073871500692704,0.75
PB2015.13055.2_27_39,0.574666666667,0.25166666666674997,0.20643777647418507,0.433774834437
PB2015.10086.14_201_213,0.0833333333333,0.020833333333325,0.03608439182433717,0.75
PB2015.11211.2_32_44,0.0,0.0,0.0,NA
PB2015.7324.1_192_204,0.485,0.148333333333325,0.1979953703162463,0.649438202247
PB2015.13274.1_53_65,0.459333333333,0.19283333333325,0.19974504582914923,0.547752808989
PB2015.7783.1_24_36,0.273333333333,0.1215,0.12337870786949198,0.531207133059
PB2015.16774.1_133_145,0.27,0.0675,0.11691342951089922,0.75
PB2015.8058.2_71_83,0.178,0.0445,0.07707626093681504,0.75
PB2015.3529.1_17_29,0.0,0.0,0.0,NA
PB2015.3728.2_22_34,0.078,0.0195,0.03377499074759311,0.75
PB2015.2166.3_53_65,1.11833333333,0.3925833333325,0.4578446106473139,0.606081511356
PB2015.7310.1_10_22,0.193333333333,0.04833333333325,0.0837157890323514,0.75
PB2015.11127.3_173_185,0.0,0.0,0.0,NA
PB2015.6040.2_16_28,0.0,0.0,0.0,NA
PB2015.8058.2_74_86,0.178,0.067083333333325,0.07389759242807765,0.581677018634
PB2015.11333.2_34_46,0.354333333333,0.13058333333325,0.14626011361029376,0.589183152521
PB2015.7962.8_76_88,0.313333333333,0.18283333333325,0.13205228341670341,0.386052871468
PB2015.16577.2_126_138,0.209333333333,0.05233333333325,0.09064399226262691,0.75
PB2015.3894.1_82_94,0.0,0.0,0.0,NA
