transcript,hippuristanol_fpUTR_GCCGCCGCCGCC_0fp_0tp_max,hippuristanol_fpUTR_GCCGCCGCCGCC_0fp_0tp_average,hippuristanol_fpUTR_GCCGCCGCCGCC_0fp_0tp_std,hippuristanol_fpUTR_GCCGCCGCCGCC_0fp_0tp_gini
PB2015.13783.1_79_91,0.525333333333,0.09395833333325,0.17908676028195483,0.799722838138
PB2015.16834.1_156_168,0.166,0.05470833333325001,0.07128979152015019,0.647086824067
PB2015.15233.2_132_144,0.0723333333333,0.0090416666666625,0.02392200143753131,0.875
PB2015.3639.1_46_58,0.198666666667,0.08241666666675,0.08396539465764477,0.536400404449
PB2015.6152.4_90_102,0.0,0.0,0.0,NA
PB2015.8960.3_212_224,0.244,0.0305,0.08069541498747002,0.875
PB2015.2709.1_184_196,0.0,0.0,0.0,NA
PB2015.7516.3_310_322,0.317666666667,0.094125,0.11529333813994402,0.63883355467
PB2015.14638.1_642_654,0.0,0.0,0.0,NA
PB2015.8161.2_54_66,0.346,0.04325,0.11442874420354353,0.875
PB2015.15378.1_252_264,0.480333333333,0.07829166666662499,0.1552990339007998,0.794505055881
PB2015.3299.5_17_29,0.991666666667,0.35941666666675,0.29790587393048323,0.435282865755
PB2015.3812.1_54_66,0.0,0.0,0.0,NA
PB2015.15419.15_177_189,0.0,0.0,0.0,NA
PB2015.15445.2_174_186,0.626666666667,0.330791666666625,0.253634576238887,0.419684469077
PB2015.2709.6_125_137,0.0,0.0,0.0,NA
PB2015.2826.3_69_81,0.462,0.15620833333325002,0.1429053627696761,0.490097359296
PB2015.15570.6_31_43,0.305,0.038125,0.1008692687343375,0.875
PB2015.6921.1_96_108,0.242333333333,0.05658333333325,0.0983311793547959,0.7588365243
PB2015.315.1_73_85,0.173,0.058791666666662495,0.06830912935163119,0.615077958894
PB2015.6919.1_39_51,0.173,0.036208333333375,0.06427651582123767,0.774309551208
PB2015.10039.2_61_73,0.646333333333,0.14325,0.2508109486135568,0.765997673066
PB2015.12209.1_241_253,0.447666666667,0.09079166666675001,0.16283256034460286,0.779084442405
PB2015.15233.2_135_147,0.0723333333333,0.0090416666666625,0.02392200143753131,0.875
PB2015.14867.2_76_88,0.179,0.044416666666625,0.07693481187191391,0.750938086304
PB2015.16319.2_62_74,0.0,0.0,0.0,NA
PB2015.6746.1_59_71,0.405333333333,0.050666666666625,0.13405139976049568,0.875
PB2015.5977.4_110_122,0.342333333333,0.09308333333325,0.11505551196403538,0.633504923903
PB2015.7083.1_30_42,0.159666666667,0.05579166666675,0.07264142097786894,0.643297236744
PB2015.669.1_22_34,0.0,0.0,0.0,NA
PB2015.14867.3_29_41,0.18,0.044625,0.07729640596431375,0.751050420168
PB2015.315.2_86_98,0.154333333333,0.05408333333325,0.06492276394117774,0.623844375963
PB2015.3639.1_49_61,0.198666666667,0.062041666666750005,0.08168476627673059,0.657236400269
PB2015.7516.4_39_51,0.316,0.09258333333337501,0.11497702065100132,0.6450270027
PB2015.7083.1_27_39,0.159666666667,0.035833333333375,0.06260014199495155,0.764244186047
PB2015.2465.4_117_129,0.0,0.0,0.0,NA
PB2015.2327.10_28_40,0.338,0.08445833333325001,0.11995426645873254,0.695547607302
PB2015.10249.3_33_45,0.319666666667,0.1074166666667,0.10907002719975269,0.551396431342
PB2015.1329.1_131_143,0.410666666667,0.10645833333337501,0.14926346370509128,0.692221135029
PB2015.5507.1_84_96,0.176333333333,0.062374999999874996,0.08099012928524485,0.64003006012
PB2015.16130.1_24_36,0.44,0.055,0.14551632210855248,0.875
PB2015.73.1_51_63,0.327666666667,0.040958333333375,0.10836556411579744,0.875
PB2015.7801.1_46_58,0.0613333333333,0.009333333333325,0.020132891827377077,0.830357142857
PB2015.10321.11_9_21,0.0,0.0,0.0,NA
PB2015.15419.4_473_485,0.0,0.0,0.0,NA
PB2015.9532.2_40_52,0.274333333333,0.048541666666624995,0.09314265306198674,0.80160944206
PB2015.6695.1_109_121,0.384333333333,0.08612500000000001,0.15049657964918828,0.764453313981
PB2015.10154.1_80_92,0.0,0.0,0.0,NA
PB2015.4729.1_369_381,0.250333333333,0.031291666666625,0.08278996810861924,0.875
PB2015.1009.2_34_46,0.0,0.0,0.0,NA
PB2015.16478.1_21_33,0.0,0.0,0.0,NA
PB2015.10538.2_20_32,0.636333333333,0.190791666666625,0.2194618378303197,0.602669796899
PB2015.15128.1_61_73,0.264666666667,0.06404166666675,0.11100480939295088,0.754147690306
PB2015.10039.2_52_64,0.646333333333,0.146375,0.2553470099415714,0.762987475092
PB2015.10946.1_18_30,0.134666666667,0.016833333333375,0.04453681373636418,0.875
PB2015.10249.3_36_48,0.319666666667,0.0957083333332875,0.11349087548989577,0.618034392687
PB2015.5977.3_86_98,0.333333333333,0.08920833333328751,0.11222644983089544,0.641697804764
PB2015.6152.4_87_99,0.0,0.0,0.0,NA
PB2015.1830.1_215_227,0.845666666667,0.222416666666625,0.31563941936261186,0.698529411765
PB2015.7841.3_44_56,0.333666666667,0.10304166666674999,0.11561183108200075,0.583653457339
PB2015.5702.13_36_48,0.0,0.0,0.0,NA
PB2015.16829.1_17_29,0.0,0.0,0.0,NA
PB2015.10039.2_67_79,0.499666666667,0.062458333333375,0.1652492173036861,0.875
PB2015.16829.1_20_32,0.0,0.0,0.0,NA
PB2015.16771.1_12_24,1.14966666667,0.60845833333375,0.4091527131875838,0.372123878655
PB2015.9476.1_47_59,0.179,0.022375,0.05919868558507021,0.875
PB2015.1009.2_31_43,0.0,0.0,0.0,NA
PB2015.10039.2_64_76,0.499666666667,0.062458333333375,0.1652492173036861,0.875
PB2015.11667.3_8_20,0.221,0.053916666666625,0.09342447187130044,0.753091190108
PB2015.5736.1_17_29,0.228,0.0345,0.0748047458387501,0.83152173913
PB2015.14640.2_130_142,0.295,0.07237499999995,0.10056457813262204,0.685880829016
PB2015.7859.1_5_17,0.180666666667,0.0332500000000375,0.06232748412850969,0.794799498747
PB2015.6746.1_65_77,0.405333333333,0.15199999999987499,0.19623115620768108,0.625
PB2015.5702.3_78_90,0.0,0.0,0.0,NA
PB2015.11478.1_101_113,0.658,0.101708333333375,0.2163444679659014,0.827171241294
PB2015.6695.1_103_115,0.384333333333,0.048041666666625,0.12710630256895114,0.875
PB2015.669.1_19_31,0.0,0.0,0.0,NA
PB2015.15233.2_138_150,0.0723333333333,0.012375,0.024285019101853662,0.80765993266
PB2015.11670.1_215_227,0.0,0.0,0.0,NA
PB2015.3457.1_4_16,0.429,0.077291666666625,0.14666973836742342,0.798450134771
PB2015.14639.4_29_41,0.0,0.0,0.0,NA
PB2015.2766.2_231_243,0.0,0.0,0.0,NA
PB2015.7916.3_121_133,0.142333333333,0.017791666666625,0.047072325409247266,0.875
PB2015.5107.1_6_18,0.908666666667,0.186500000000125,0.2879253375444135,0.691018766756
PB2015.8960.4_238_250,0.0,0.0,0.0,NA
PB2015.10538.1_63_75,0.659,0.19483333333337502,0.22617870270110882,0.606073567151
PB2015.484.1_75_87,0.207666666667,0.025958333333375,0.06867929444982858,0.875
PB2015.15233.2_141_153,0.596666666667,0.08695833333337499,0.19411991121623162,0.829839482511
PB2015.12979.1_327_339,0.625,0.13754166666662498,0.21194764405256108,0.726560133293
PB2015.495.1_110_122,0.0,0.0,0.0,NA
PB2015.15994.2_47_59,0.447333333333,0.055916666666625,0.1479415941435848,0.875
PB2015.16829.1_11_23,0.0,0.0,0.0,NA
PB2015.2651.3_45_57,0.315333333333,0.11924999999987501,0.12571669539073518,0.565164220825
PB2015.3136.1_478_490,0.261333333333,0.032666666666625,0.08642787616133306,0.875
PB2015.9002.1_91_103,0.263333333333,0.032916666666625,0.0870893139890992,0.875
PB2015.2709.5_175_187,0.0,0.0,0.0,NA
PB2015.15445.4_178_190,0.815,0.36275,0.29384769061159555,0.452303009419
PB2015.14639.1_259_271,0.0,0.0,0.0,NA
PB2015.14640.1_146_158,0.290333333333,0.052541666666625,0.09439455279412419,0.76952815226
PB2015.4976.1_29_41,0.418333333333,0.067041666666625,0.1382796519837554,0.81999689248
PB2015.16319.1_64_76,0.0,0.0,0.0,NA
PB2015.6394.1_98_110,0.0,0.0,0.0,NA
PB2015.7462.1_56_68,0.582666666667,0.1942500000000875,0.19674544679199799,0.539736164736
PB2015.10321.11_12_24,0.0,0.0,0.0,NA
PB2015.10646.3_61_73,0.0,0.0,0.0,NA
PB2015.4642.3_74_86,0.215666666667,0.09908333333337499,0.08375936929355522,0.458368376787
PB2015.2899.5_35_47,0.252666666667,0.05416666666675,0.0955305361303935,0.770769230769
PB2015.16130.1_27_39,0.44,0.055,0.14551632210855248,0.875
PB2015.6150.2_97_109,1.19166666667,0.366916666667125,0.3744223977610265,0.530064728594
PB2015.4729.1_366_378,0.0,0.0,0.0,NA
PB2015.10538.2_11_23,0.636333333333,0.10795833333325,0.21311984353475713,0.809195291393
PB2015.2532.1_87_99,0.346,0.04325,0.11442874420354353,0.875
PB2015.7083.1_24_36,0.127,0.015875,0.04200130206315038,0.875
PB2015.2448.1_73_85,0.0,0.0,0.0,NA
PB2015.11667.1_37_49,0.21,0.0354166666666625,0.07021667853469094,0.810294117647
PB2015.11321.1_37_49,0.472,0.11499999999999999,0.19927619024860946,0.753260869565
PB2015.16829.1_14_26,0.0,0.0,0.0,NA
PB2015.6378.3_139_151,0.212333333333,0.039791666666625,0.07387018220791164,0.791753926701
PB2015.5702.10_60_72,0.0,0.0,0.0,NA
PB2015.11333.2_179_191,0.0,0.0,0.0,NA
PB2015.16319.1_61_73,0.0,0.0,0.0,NA
PB2015.13248.1_69_81,0.0,0.0,0.0,NA
PB2015.2537.2_21_33,0.204666666667,0.025583333333375,0.06768713770817934,0.875
PB2015.16459.5_204_216,0.408,0.051,0.1349333168642941,0.875
PB2015.299.3_122_134,0.388333333333,0.111249999999875,0.1547455572866428,0.687078651685
PB2015.315.1_70_82,0.173,0.0274166666666625,0.05707712861655667,0.822188449848
PB2015.11478.1_89_101,0.0893333333333,0.0111666666666625,0.029544222973543574,0.875
PB2015.2386.11_9_21,0.0,0.0,0.0,NA
PB2015.4938.1_143_155,0.526,0.10720833333325,0.1734405067306661,0.736251457443
PB2015.15570.1_28_40,0.306,0.03825,0.1011999876482206,0.875
PB2015.13073.4_176_188,0.34,0.06954166666662501,0.11140802602991885,0.732100059916
PB2015.1570.1_195_207,0.0673333333333,0.0084166666666625,0.022268406868115945,0.875
PB2015.315.3_117_129,0.196666666667,0.032708333333375,0.06552108174314158,0.812898089172
PB2015.5889.4_13_25,0.0,0.0,0.0,NA
PB2015.5702.4_76_88,0.0,0.0,0.0,NA
PB2015.11546.1_251_263,0.670666666667,0.1422500000000375,0.24326521592250439,0.763913298184
PB2015.16123.4_190_202,0.111,0.013875,0.0367097994410212,0.875
PB2015.8540.3_233_245,0.977333333333,0.442166666666625,0.2831418961108918,0.358697700716
PB2015.5702.7_65_77,0.0,0.0,0.0,NA
PB2015.11478.1_98_110,0.658,0.08225,0.21761304533506257,0.875
PB2015.10538.1_49_61,0.447,0.0587083333333375,0.14694787790044517,0.862934705465
PB2015.2448.1_70_82,0.0,0.0,0.0,NA
PB2015.6152.1_121_133,0.578666666667,0.136125,0.20040098258109282,0.710093357821
PB2015.12608.1_16_28,0.672333333333,0.11866666666662501,0.21734144923485704,0.767907303371
PB2015.9532.1_34_46,0.389,0.069583333333375,0.13261711281399277,0.799700598802
PB2015.15570.1_25_37,0.306,0.03825,0.1011999876482206,0.875
PB2015.2651.3_48_60,0.267333333333,0.07983333333325,0.10593630161553058,0.662186847599
PB2015.6746.1_68_80,0.405333333333,0.10133333333325,0.17551448183350188,0.75
PB2015.6695.2_88_100,0.396333333333,0.135375,0.17604879669978568,0.644005847953
PB2015.6152.5_25_37,0.0,0.0,0.0,NA
PB2015.5702.3_75_87,0.0,0.0,0.0,NA
PB2015.14812.1_54_66,0.181666666667,0.067541666666625,0.08719851832005576,0.626079580506
PB2015.315.3_120_132,0.196666666667,0.0637916666667125,0.07287164086033769,0.608834095363
PB2015.2709.1_181_193,0.0,0.0,0.0,NA
PB2015.8232.2_6_18,0.253666666667,0.031708333333375,0.08389236448844997,0.875
PB2015.12135.2_124_136,0.0,0.0,0.0,NA
PB2015.315.3_114_126,0.196666666667,0.032708333333375,0.06552108174314158,0.812898089172
PB2015.13073.15_122_134,0.0,0.0,0.0,NA
PB2015.73.1_48_60,0.327666666667,0.040958333333375,0.10836556411579744,0.875
PB2015.16442.1_9_21,0.390666666667,0.048833333333375,0.12920085569043108,0.875
PB2015.179.1_101_113,0.136,0.017,0.04497777228809804,0.875
PB2015.8960.4_235_247,0.247333333333,0.030916666666625,0.08179781136697001,0.875
PB2015.3812.1_51_63,0.0,0.0,0.0,NA
PB2015.9476.1_69_81,0.441,0.055125,0.14584704102243556,0.875
PB2015.2709.6_128_140,0.0,0.0,0.0,NA
PB2015.15233.3_47_59,0.0826666666667,0.0103333333333375,0.027339430214345126,0.875
PB2015.2899.5_32_44,0.252666666667,0.05416666666675,0.0955305361303935,0.770769230769
PB2015.1511.1_49_61,0.532666666667,0.09804166666675,0.18377042120097117,0.794783255419
PB2015.9784.6_40_52,0.243,0.031291666666666246,0.08005422424484834,0.867676431425
PB2015.315.8_94_106,0.176666666667,0.06,0.06765332380766333,0.602604166667
PB2015.4976.1_32_44,0.418333333333,0.067041666666625,0.1382796519837554,0.81999689248
PB2015.2826.3_66_78,0.225,0.0990416666665875,0.08995437693934384,0.50278712663
PB2015.15471.1_57_69,0.0313333333333,0.0039166666666625,0.010362525968325287,0.875
PB2015.11667.3_27_39,0.219333333333,0.0391249999999625,0.07192336536965131,0.781815761448
PB2015.15233.3_41_53,0.0,0.0,0.0,NA
PB2015.15155.1_56_68,0.576666666667,0.163958333333375,0.22698191542625476,0.685991105464
PB2015.16319.1_58_70,0.0,0.0,0.0,NA
PB2015.6861.8_797_809,0.0,0.0,0.0,NA
PB2015.3457.1_1_13,0.783666666667,0.1835416666666625,0.2666742674698968,0.703603859251
PB2015.3293.2_48_60,0.162,0.0219166666666625,0.05312609475996251,0.855988593156
PB2015.16388.1_81_93,0.0,0.0,0.0,NA
PB2015.7841.1_42_54,0.377666666667,0.11354166666658376,0.12825635543059866,0.588577981652
PB2015.73.1_291_303,0.519333333333,0.105875,0.18953773719085198,0.778286107831
PB2015.16200.6_51_63,0.221333333333,0.0634166666666125,0.0742297016772744,0.593134034165
PB2015.16834.1_159_171,0.232333333333,0.062999999999875,0.0860760322813911,0.677083333333
PB2015.1830.1_209_221,0.188333333333,0.023541666666625,0.062285395447868666,0.875
PB2015.1570.1_198_210,0.0,0.0,0.0,NA
PB2015.6152.1_118_130,0.578666666667,0.09833333333337499,0.19389544719895943,0.808898305085
PB2015.16130.2_18_30,0.445333333333,0.055666666666625,0.14728015631581864,0.875
PB2015.2899.5_38_50,0.180666666667,0.022583333333375,0.05974988377498557,0.875
PB2015.15471.1_63_75,0.0,0.0,0.0,NA
PB2015.10096.2_37_49,0.260666666667,0.080500000000125,0.11129877208082849,0.678571428571
PB2015.6152.5_28_40,0.0,0.0,0.0,NA
PB2015.10646.1_245_257,0.0,0.0,0.0,NA
PB2015.16442.1_259_271,0.493,0.11674999999999999,0.17050649629199902,0.704853675946
PB2015.11333.2_182_194,0.0,0.0,0.0,NA
PB2015.6695.2_79_91,0.396333333333,0.049541666666625,0.13107492953554803,0.875
PB2015.2826.1_79_91,0.221333333333,0.0974999999999125,0.08834543942190407,0.501923076923
PB2015.14639.1_262_274,0.0,0.0,0.0,NA
PB2015.15524.1_16_28,0.304,0.038,0.10053854982045446,0.875
PB2015.10646.1_248_260,0.0,0.0,0.0,NA
PB2015.16123.1_50_62,0.142666666667,0.017833333333375,0.04718256504742877,0.875
PB2015.10096.2_31_43,0.260666666667,0.06516666666675,0.11287197762671618,0.75
PB2015.6695.2_91_103,0.556333333333,0.2063749999999625,0.2131532076477452,0.55241772663
PB2015.15233.3_53_65,0.619666666667,0.090458333333375,0.20180869224077913,0.831701980654
PB2015.16442.1_15_27,0.390666666667,0.07316666666675001,0.13587156926071736,0.791856492027
PB2015.9646.1_780_792,0.0,0.0,0.0,NA
PB2015.14640.2_127_139,0.295,0.051333333333325,0.09578230525519779,0.78125
PB2015.2327.7_40_52,0.36,0.086291666666625,0.12498638120253618,0.700567358764
PB2015.5853.1_57_69,0.146666666667,0.018333333333375,0.04850544070296107,0.875
PB2015.1573.1_24_36,0.0,0.0,0.0,NA
PB2015.11667.1_18_30,0.207,0.050458333333375,0.08743456878979063,0.753199834847
PB2015.13782.1_303_315,0.444666666667,0.133333333333375,0.1655751759441476,0.64140625
PB2015.7841.1_39_51,0.416666666667,0.14533333333333376,0.1631778171199628,0.597190366973
PB2015.10096.2_34_46,0.260666666667,0.06516666666675,0.11287197762671618,0.75
PB2015.4750.4_363_375,0.0,0.0,0.0,NA
PB2015.7841.3_41_53,0.363333333333,0.12887500000000002,0.1442506438941771,0.594123827999
PB2015.15159.1_86_98,0.806333333333,0.17145833333321248,0.264694422216842,0.717709599028
PB2015.15419.8_186_198,0.0,0.0,0.0,NA
PB2015.5802.1_83_95,0.00866666666667,0.00108333333333375,0.0028662305869877423,0.875
PB2015.6919.1_42_54,0.173,0.021625,0.057214372101771764,0.875
PB2015.5853.1_54_66,0.0,0.0,0.0,NA
PB2015.2651.5_21_33,0.351666666667,0.10354166666662501,0.1376753364400723,0.66161971831
PB2015.6695.1_106_118,0.384333333333,0.08612500000000001,0.15049657964918828,0.764453313981
PB2015.2709.8_86_98,0.0,0.0,0.0,NA
PB2015.15318.2_26_38,0.370333333333,0.0899583333332125,0.11732012680162171,0.633221398796
PB2015.5560.1_77_89,0.365,0.067708333333375,0.12637284315120947,0.793461538461
PB2015.1009.2_37_49,0.0,0.0,0.0,NA
PB2015.16200.9_42_54,0.212666666667,0.08129166666687498,0.07173493599137724,0.474564325986
PB2015.6180.1_66_78,0.0,0.0,0.0,NA
PB2015.6695.2_85_97,0.396333333333,0.088791666666625,0.15516299113970064,0.76448850305
PB2015.16829.1_23_35,0.0,0.0,0.0,NA
PB2015.8722.2_54_66,0.357,0.074208333333375,0.13200620119066875,0.775336889388
PB2015.15570.6_28_40,0.305,0.038125,0.1008692687343375,0.875
PB2015.9476.1_50_62,0.179,0.022375,0.05919868558507021,0.875
PB2015.2465.12_13_25,0.0,0.0,0.0,NA
PB2015.15524.1_19_31,0.304,0.038,0.10053854982045446,0.875
PB2015.7801.1_43_55,0.159,0.027541666666662502,0.05358921364830952,0.805408472012
PB2015.3102.4_61_73,0.451666666667,0.158624999999875,0.14850929988652886,0.504760966641
PB2015.6695.1_112_124,0.384333333333,0.133541666666625,0.17383924067136022,0.64364274571
PB2015.12381.1_692_704,0.0413333333333,0.0051666666666625,0.013669715107156026,0.875
PB2015.8232.2_9_21,0.0,0.0,0.0,NA
PB2015.13090.1_29_41,0.218666666667,0.04191666666675,0.0769497942385442,0.788021868787
PB2015.2456.2_30_42,0.181666666667,0.049041666666712495,0.06712042194204482,0.677888700085
PB2015.8232.2_12_24,0.0,0.0,0.0,NA
PB2015.2537.3_67_79,0.217333333333,0.044291666666625,0.07930066510500836,0.778339604892
PB2015.10538.2_14_26,0.636333333333,0.151041666666625,0.22160973187984825,0.709620689655
PB2015.13073.8_198_210,0.340333333333,0.0694166666665875,0.11178510509989048,0.734843937575
PB2015.16771.1_56_68,0.740666666667,0.12379166666675,0.24706414695053433,0.8119740828
PB2015.5918.1_7_19,0.0,0.0,0.0,NA
PB2015.14812.1_51_63,0.181666666667,0.045125,0.07816096949742865,0.750807940905
PB2015.2386.4_155_167,0.006,0.00075,0.001984313483298443,0.875
PB2015.8960.3_215_227,0.0,0.0,0.0,NA
PB2015.8998.1_17_29,1.728,0.353875,0.6325319038396403,0.77759625574
PB2015.13444.1_47_59,0.285,0.0827083333332875,0.10654386648746139,0.64540302267
PB2015.15233.3_44_56,0.0826666666667,0.0103333333333375,0.027339430214345126,0.875
PB2015.14867.3_32_44,0.18,0.044625,0.07729640596431375,0.751050420168
PB2015.1830.1_212_224,0.845666666667,0.146,0.2847197940276628,0.806007420091
PB2015.16130.2_12_24,0.0,0.0,0.0,NA
PB2015.16130.1_18_30,0.0,0.0,0.0,NA
PB2015.15741.2_39_51,0.0,0.0,0.0,NA
PB2015.15445.7_178_190,0.759666666667,0.33995833333325,0.27030216823546627,0.446179066062
PB2015.28.7_158_170,0.192666666667,0.0262916666667125,0.06314917029025105,0.854001584786
PB2015.10321.11_15_27,0.051,0.006375,0.016866664608036763,0.875
PB2015.2386.11_12_24,0.0,0.0,0.0,NA
PB2015.11333.2_173_185,0.0,0.0,0.0,NA
PB2015.1573.1_27_39,0.0,0.0,0.0,NA
PB2015.15378.1_249_261,0.0903333333333,0.01825,0.03277649479597875,0.779680365297
PB2015.10618.2_81_93,0.117666666667,0.014708333333375,0.03891459220035192,0.875
PB2015.16200.7_49_61,0.137,0.029500000000000002,0.05197114584074514,0.770127118644
PB2015.16402.1_170_182,0.640333333333,0.24054166666674998,0.2006663854856265,0.457366187424
PB2015.15892.1_247_259,0.175333333333,0.021916666666625,0.0579860495673887,0.875
PB2015.7841.4_27_39,0.416666666667,0.14562500000004125,0.1636244376529617,0.597389127325
PB2015.14639.4_32_44,0.0,0.0,0.0,NA
PB2015.10039.2_55_67,0.646333333333,0.146375,0.2553470099415714,0.762987475092
PB2015.2537.1_33_45,0.302,0.07195833333337501,0.10994473832849962,0.726621308628
PB2015.14640.1_149_161,0.290333333333,0.074625,0.10001728149281525,0.672319932998
PB2015.14640.5_130_142,0.292333333333,0.051791666666625,0.09499297305872255,0.776246983105
PB2015.10154.1_77_89,0.0,0.0,0.0,NA
PB2015.16442.1_12_24,0.390666666667,0.07316666666675001,0.13587156926071736,0.791856492027
PB2015.12381.1_689_701,0.141666666667,0.0228750000000375,0.04689318165918001,0.818533697632
PB2015.15233.3_50_62,0.0826666666667,0.013000000000000001,0.027241716376021945,0.823717948718
PB2015.8722.2_57_69,0.415333333333,0.125916666666625,0.16894367486755357,0.669755129054
PB2015.10039.2_49_61,0.524666666667,0.065583333333375,0.17351719015076297,0.875
PB2015.6150.1_189_201,1.20366666667,0.37050000000050004,0.37821040587449706,0.530139451192
PB2015.15419.12_268_280,0.0,0.0,0.0,NA
PB2015.2386.4_158_170,0.0,0.0,0.0,NA
PB2015.2766.1_225_237,0.0,0.0,0.0,NA
PB2015.16177.3_72_84,0.0,0.0,0.0,NA
PB2015.6378.3_136_148,0.106,0.01325,0.03505620487160582,0.875
PB2015.15159.1_89_101,0.806333333333,0.1421666666665875,0.26904594816156,0.795281359906
PB2015.5560.1_74_86,0.176666666667,0.022083333333375,0.05842700811945328,0.875
PB2015.6746.1_62_74,0.405333333333,0.10133333333325,0.17551448183350188,0.75
PB2015.1009.2_28_40,0.127666666667,0.015958333333375,0.04222178133918267,0.875
PB2015.2709.5_178_190,0.0,0.0,0.0,NA
PB2015.6695.2_82_94,0.396333333333,0.088791666666625,0.15516299113970064,0.76448850305
PB2015.12978.1_313_325,1.07933333333,0.243708333332875,0.36346570361951414,0.711937938109
PB2015.301.1_113_125,0.211666666667,0.026458333333375,0.07000217010536086,0.875
PB2015.1573.1_21_33,0.0,0.0,0.0,NA
PB2015.7841.4_30_42,0.379,0.11395833333329125,0.12894351018738187,0.589351005485
PB2015.10538.2_17_29,0.636333333333,0.190791666666625,0.2194618378303197,0.602669796899
PB2015.2651.5_18_30,0.390666666667,0.152375,0.15979608859599068,0.560124418923
PB2015.5702.10_57_69,0.421666666667,0.0567500000000375,0.1383309989763986,0.857195301028
PB2015.9537.1_40_52,0.0,0.0,0.0,NA
PB2015.16388.1_78_90,0.404,0.0505,0.13361044120876184,0.875
PB2015.5802.1_86_98,0.00866666666667,0.00108333333333375,0.0028662305869877423,0.875
PB2015.6919.2_10_22,0.129,0.0164583333333325,0.042540483169956574,0.867405063291
PB2015.5702.4_79_91,0.0,0.0,0.0,NA
PB2015.15534.2_211_223,0.269,0.08308333333324999,0.0956823085353964,0.606193580743
PB2015.15419.8_189_201,0.0,0.0,0.0,NA
PB2015.2456.1_57_69,0.185666666667,0.04916666666675,0.06980807021172707,0.698516949153
PB2015.11478.1_95_107,0.658,0.0934166666666625,0.21538658719717085,0.845115967886
PB2015.15570.1_22_34,0.306,0.057374999999999995,0.10648349343912417,0.791666666667
PB2015.15570.6_25_37,0.305,0.038125,0.1008692687343375,0.875
PB2015.15419.15_174_186,0.0,0.0,0.0,NA
PB2015.179.1_98_110,0.0,0.0,0.0,NA
PB2015.15419.4_476_488,0.0,0.0,0.0,NA
PB2015.11685.1_271_283,0.535666666667,0.21150000000012503,0.1913260741945376,0.50152679275
PB2015.9537.1_43_55,0.0,0.0,0.0,NA
PB2015.2537.8_22_34,0.302666666667,0.0711666666666625,0.11012101928740525,0.730971896956
PB2015.6919.2_7_19,0.129,0.0301249999999575,0.051645677860399065,0.754668049793
PB2015.11951.1_41_53,0.15,0.01875,0.049607837082461075,0.875
PB2015.15531.4_126_138,0.295,0.064041666666625,0.11261000023428205,0.768949251789
PB2015.15892.1_250_262,0.175333333333,0.021916666666625,0.0579860495673887,0.875
PB2015.4614.1_32_44,0.592666666667,0.074083333333375,0.19600607629481195,0.875
PB2015.16319.2_65_77,0.0,0.0,0.0,NA
PB2015.11333.2_176_188,0.0,0.0,0.0,NA
PB2015.6695.1_115_127,0.539666666667,0.2025416666666625,0.20845709240754634,0.550015428924
PB2015.3639.1_43_55,0.198666666667,0.09925000000012502,0.07911397369205721,0.424223341729
PB2015.8161.1_72_84,0.232333333333,0.0307083333332875,0.07633195732009415,0.861431478969
PB2015.5802.1_80_92,0.408,0.052083333333333745,0.13455376352141823,0.8698
PB2015.3293.2_51_63,0.175,0.049333333333325,0.07030469401114225,0.690878378378
PB2015.6746.1_71_83,0.405333333333,0.125249999999875,0.17309613176868263,0.678393213573
PB2015.16459.5_201_213,0.141666666667,0.017708333333375,0.0468518461335457,0.875
PB2015.6861.8_96_108,0.17,0.059791666666625,0.0777301131229369,0.641550522648
PB2015.6981.1_326_338,0.526333333333,0.15608333333333752,0.18211860832981314,0.614588894821
PB2015.11333.2_170_182,0.0,0.0,0.0,NA
PB2015.16130.1_21_33,0.0,0.0,0.0,NA
PB2015.16130.2_15_27,0.445333333333,0.055666666666625,0.14728015631581864,0.875
PB2015.4750.4_231_243,0.381666666667,0.11366666666675,0.16174594276223642,0.689791055719
PB2015.5744.1_130_142,0.428333333333,0.21049999999999996,0.11768425269891748,0.298446159936
PB2015.16388.1_84_96,0.227666666667,0.028458333333375,0.07529367272749005,0.875
PB2015.624.1_82_94,0.0,0.0,0.0,NA
PB2015.15419.12_271_283,0.0,0.0,0.0,NA
PB2015.624.1_85_97,0.0,0.0,0.0,NA
PB2015.10039.2_58_70,0.646333333333,0.146375,0.2553470099415714,0.762987475092
PB2015.14616.1_117_129,0.434333333333,0.113416666666625,0.1580536784695346,0.688739897134
PB2015.12135.1_75_87,0.0,0.0,0.0,NA
PB2015.15471.1_60_72,0.0,0.0,0.0,NA
PB2015.5702.7_62_74,0.0,0.0,0.0,NA
PB2015.15159.1_92_104,0.806333333333,0.1047499999999625,0.26537608271605545,0.865552903739
PB2015.16459.8_66_78,0.388,0.0485,0.12831893858663265,0.875
PB2015.6394.1_95_107,0.0,0.0,0.0,NA
PB2015.2826.1_82_94,0.454,0.1535833333332875,0.1404117704388299,0.489894194248
PB2015.10646.3_58_70,0.0,0.0,0.0,NA
PB2015.11478.1_92_104,0.0893333333333,0.0111666666666625,0.029544222973543574,0.875
PB2015.6152.3_82_94,0.0,0.0,0.0,NA
PB2015.6152.3_85_97,0.579,0.072375,0.19148625113829973,0.875
PB2015.1009.2_25_37,0.127666666667,0.015958333333375,0.04222178133918267,0.875
PB2015.3136.1_475_487,0.261333333333,0.032666666666625,0.08642787616133306,0.875
PB2015.16402.1_167_179,0.640333333333,0.2804583333335,0.16113589308908502,0.292879958401
PB2015.14640.5_133_145,0.292333333333,0.072041666666625,0.09897747183342721,0.680812608444
PB2015.10039.2_46_58,0.0,0.0,0.0,NA
PB2015.14867.2_79_91,0.179,0.044416666666625,0.07693481187191391,0.750938086304
PB2015.9258.1_11_23,0.451666666667,0.1640833333332875,0.15940616797641327,0.529647028949
