transcript,hippuristanol_fpUTR_GGCGGCGGCGGC_0fp_0tp_max,hippuristanol_fpUTR_GGCGGCGGCGGC_0fp_0tp_average,hippuristanol_fpUTR_GGCGGCGGCGGC_0fp_0tp_std,hippuristanol_fpUTR_GGCGGCGGCGGC_0fp_0tp_gini
PB2015.10741.4_36_48,0.23,0.0855,0.09513542978302039,0.586257309942
PB2015.4453.9_26_38,0.460333333333,0.20125,0.16536195568764284,0.432815734989
PB2015.8058.4_60_72,0.593,0.254916666666825,0.19948076696479786,0.388607388035
PB2015.14638.1_568_580,0.0,0.0,0.0,NA
PB2015.13831.1_33_45,0.0623333333333,0.015583333333325,0.026991125084600574,0.75
PB2015.2166.3_59_71,0.537333333333,0.358416666666575,0.17502132806533255,0.254068821204
PB2015.8879.5_28_40,0.234,0.0585,0.10132497224277932,0.75
PB2015.76.2_31_43,0.253,0.06325,0.10955221357873149,0.75
PB2015.1248.1_174_186,0.438,0.16425,0.18158520727195815,0.583333333333
PB2015.6040.5_19_31,0.0,0.0,0.0,NA
PB2015.4453.6_64_76,0.341,0.15600000000000003,0.12424192350236674,0.439636752137
PB2015.8683.1_45_57,0.116666666667,0.04066666666675,0.04496109429287355,0.550204918033
PB2015.1159.1_52_64,0.181333333333,0.07725,0.07954606457191923,0.543419633225
PB2015.40.8_19_31,0.0,0.0,0.0,NA
PB2015.2662.3_15_27,0.0703333333333,0.017583333333325,0.030455226699738325,0.75
PB2015.10321.8_18_30,0.0,0.0,0.0,NA
PB2015.8455.2_19_31,0.0636666666667,0.015916666666675,0.027568475353819063,0.75
PB2015.10086.1_222_234,0.0,0.0,0.0,NA
PB2015.8879.3_54_66,0.173666666667,0.04341666666675,0.0751998725620931,0.75
PB2015.8058.5_51_63,0.0,0.0,0.0,NA
PB2015.4066.2_49_61,0.136333333333,0.04408333333325,0.055707756790695596,0.636578449905
PB2015.4263.1_358_370,0.756666666667,0.438,0.20499810297237495,0.254756468798
PB2015.8946.3_11_23,0.517666666667,0.12941666666675,0.22415624201301657,0.75
PB2015.9088.1_180_192,0.325333333333,0.08133333333325,0.14087346568212436,0.75
PB2015.8879.5_31_43,0.0,0.0,0.0,NA
PB2015.10740.1_47_59,0.035,0.00875,0.015155444566227678,0.75
PB2015.8879.4_19_31,0.0,0.0,0.0,NA
PB2015.13930.1_103_115,0.0,0.0,0.0,NA
PB2015.2653.10_74_86,0.206666666667,0.05166666666675,0.08948929172453633,0.75
PB2015.8058.13_59_71,0.6,0.22858333333335001,0.22396011239602176,0.505377324098
PB2015.11248.1_22_34,0.376666666667,0.14366666666675,0.15694054075786842,0.577726218098
PB2015.4453.2_79_91,0.182,0.0645,0.06958986995245788,0.529069767442
PB2015.12345.1_16_28,0.921,0.26366666666675,0.3834147015090993,0.686630847029
PB2015.14943.11_61_73,0.655,0.1915,0.27141158781452207,0.677545691906
PB2015.18.1_43_55,0.301333333333,0.166749999999925,0.13463249875939373,0.424412793603
PB2015.7900.1_43_55,0.298333333333,0.10633333333325,0.12237714928300407,0.600705329153
PB2015.4941.5_78_90,0.113666666667,0.02841666666675,0.04921911044855993,0.75
PB2015.14640.5_16_28,0.152,0.038,0.06581793068761733,0.75
PB2015.5318.4_226_238,0.676333333333,0.43041666666649997,0.22068760915213936,0.278751210068
PB2015.9041.2_26_38,0.126666666667,0.03166666666675,0.05484827557315878,0.75
PB2015.6837.1_19_31,0.226666666667,0.0968333333335,0.09960519285899065,0.542598967298
PB2015.10086.19_217_229,0.0793333333333,0.019833333333325,0.0343523410167683,0.75
PB2015.1307.1_35_47,0.0,0.0,0.0,NA
PB2015.6040.3_22_34,0.0,0.0,0.0,NA
PB2015.8879.2_12_24,0.0,0.0,0.0,NA
PB2015.14640.5_22_34,0.152,0.06841666666675,0.06925210586455506,0.527710109622
PB2015.8058.5_60_72,0.233666666667,0.08116666666675,0.0955628065725647,0.609856262834
PB2015.7962.8_79_91,0.110333333333,0.02758333333325,0.047775734775297195,0.75
PB2015.24.7_39_51,0.0963333333333,0.072249999999975,0.041713556948936026,0.25
PB2015.12599.1_49_61,0.0,0.0,0.0,NA
PB2015.10504.1_22_34,0.342,0.12566666666675,0.14107562983499017,0.590185676392
PB2015.2739.2_76_88,0.732333333333,0.34124999999975,0.2809089784371617,0.457326007326
PB2015.8684.2_38_50,0.103,0.02575,0.04460030829489858,0.75
PB2015.10489.6_35_47,0.314333333333,0.14625,0.1470626047716242,0.518660968661
PB2015.4653.7_15_27,0.227333333333,0.05683333333325,0.09843822089668684,0.75
PB2015.1652.1_53_65,0.550333333333,0.26033333333325004,0.20799853097752066,0.445262483995
PB2015.15089.2_28_40,0.118333333333,0.02958333333325,0.05123983639043495,0.75
PB2015.1730.4_57_69,0.188,0.047,0.08140638795573724,0.75
PB2015.367.2_30_42,0.0,0.0,0.0,NA
PB2015.15549.13_1_13,0.71,0.1775,0.3074390183434757,0.75
PB2015.7483.1_88_100,0.168333333333,0.04208333333325,0.07289047148504592,0.75
PB2015.367.2_33_45,0.0,0.0,0.0,NA
PB2015.24.7_36_48,0.223666666667,0.1040833333334,0.07945696773878556,0.402922337871
PB2015.14640.1_32_44,0.152666666667,0.03816666666675,0.06610660582235647,0.75
PB2015.9042.1_7_19,0.145333333333,0.03633333333325,0.06293117934152487,0.75
PB2015.6040.4_12_24,0.0,0.0,0.0,NA
PB2015.10086.8_248_260,0.086,0.0215,0.03723909236273086,0.75
PB2015.10740.5_36_48,0.162333333333,0.06616666666650001,0.06948401095040299,0.556675062972
PB2015.16219.2_53_65,0.116666666667,0.071166666666825,0.048986109142331216,0.364754098361
PB2015.8058.4_66_78,0.593,0.22650000000009998,0.22081723211740034,0.502207505519
PB2015.24.6_82_94,0.095,0.07125000000000001,0.04113620667976083,0.25
PB2015.15602.9_1711_1723,0.224333333333,0.09333333333325,0.09705926024845937,0.550446428571
PB2015.10740.4_61_73,0.551666666667,0.13791666666675,0.23887867387735204,0.75
PB2015.4066.2_46_58,0.136333333333,0.04408333333325,0.055707756790695596,0.636578449905
PB2015.8232.2_182_194,0.0,0.0,0.0,NA
PB2015.8058.4_51_63,0.0833333333333,0.020833333333325,0.036084391824337175,0.75
PB2015.11432.2_65_77,0.727333333333,0.2261666666666,0.2894137273099987,0.563559322034
PB2015.6040.7_13_25,0.0,0.0,0.0,NA
PB2015.16351.3_102_114,0.218,0.10625,0.10632115264612212,0.506470588235
PB2015.9646.1_286_298,0.0,0.0,0.0,NA
PB2015.10897.1_42_54,0.0,0.0,0.0,NA
PB2015.14640.2_19_31,0.148333333333,0.06758333333325,0.06822160581506817,0.524352651048
PB2015.15549.3_16_28,0.663666666667,0.16591666666675,0.2873760964892806,0.75
PB2015.24.1_40_52,0.102,0.0765,0.04416729559300637,0.25
PB2015.13079.1_42_54,0.351666666667,0.103250000000075,0.14559273009184787,0.675746569814
PB2015.1114.1_16_28,0.209666666667,0.05241666666675,0.090788329830213,0.75
PB2015.2528.1_18_30,0.613666666667,0.27033333333325,0.22003572942204547,0.42771270037
PB2015.10086.13_241_253,0.0786666666667,0.019666666666675,0.03406366588220235,0.75
PB2015.1730.1_31_43,0.188333333333,0.04708333333325,0.0815507255228903,0.75
PB2015.4453.4_70_82,0.177,0.074916666666675,0.06848372677748837,0.500278086763
PB2015.5247.3_42_54,0.472666666667,0.11816666666675,0.20467067042786669,0.75
PB2015.2955.1_255_267,0.223666666667,0.154166666667,0.0478826690985371,0.164594594594
PB2015.13055.2_9_21,0.0,0.0,0.0,NA
PB2015.1182.1_24_36,0.197,0.04925,0.0853035022727672,0.75
PB2015.7962.11_77_89,0.261333333333,0.06533333333325,0.11316065276102232,0.75
PB2015.6837.1_13_25,0.0,0.0,0.0,NA
PB2015.8879.2_15_27,0.0,0.0,0.0,NA
PB2015.4263.1_346_358,0.305333333333,0.07633333333325,0.13221321164428,0.75
PB2015.8058.6_75_87,0.121333333333,0.03033333333325,0.05253887449611161,0.75
PB2015.11784.4_18_30,0.568333333333,0.26508333333324996,0.2056426748566314,0.428245834643
PB2015.2563.4_101_113,0.188333333333,0.04708333333325,0.0815507255228903,0.75
PB2015.15549.3_13_25,0.663666666667,0.16591666666675,0.2873760964892806,0.75
PB2015.6213.1_35_47,0.0,0.0,0.0,NA
PB2015.11891.1_52_64,0.300333333333,0.07508333333325,0.13004814813481885,0.75
PB2015.10740.2_56_68,0.0,0.0,0.0,NA
PB2015.1248.2_141_153,0.220666666667,0.05516666666675,0.0955514695510274,0.75
PB2015.9718.7_24_36,0.233666666667,0.0865833333335,0.09657535198558673,0.587343599615
PB2015.16146.1_98_110,0.0,0.0,0.0,NA
PB2015.3979.1_236_248,0.227,0.0875,0.09491180116297446,0.574285714286
PB2015.16048.1_24_36,0.236,0.16833333333325,0.0730604772316994,0.229207920792
PB2015.5247.2_43_55,0.457666666667,0.15416666666675,0.18686247170950063,0.621081081081
PB2015.8167.1_18_30,0.478,0.1195,0.2069800715044808,0.75
PB2015.8058.6_60_72,0.0783333333333,0.019583333333325,0.03391932831487608,0.75
PB2015.15557.7_26_38,0.242,0.15008333333325,0.09301623962149454,0.328289838978
PB2015.8167.2_19_31,0.475333333333,0.11883333333325,0.20582537096595727,0.75
PB2015.1307.3_15_27,0.0,0.0,0.0,NA
PB2015.6040.5_10_22,0.0,0.0,0.0,NA
PB2015.4263.1_355_367,0.756666666667,0.46433333333325005,0.17767917404402128,0.197774587222
PB2015.6837.1_16_28,0.226666666667,0.05666666666675,0.09814954576238072,0.75
PB2015.4453.2_82_94,0.346333333333,0.14158333333325,0.1363189428019178,0.522218952325
PB2015.6040.3_16_28,0.0,0.0,0.0,NA
PB2015.13098.1_148_160,0.0533333333333,0.013333333333325,0.023094010767570596,0.75
PB2015.13055.2_21_33,0.262333333333,0.07758333333325,0.108450545564799,0.672663802363
PB2015.10740.1_59_71,0.114,0.035833333333325,0.04669136251313986,0.647674418605
PB2015.16367.1_63_75,0.384,0.24441666666675002,0.14620597628008247,0.304722127514
PB2015.15091.1_10_22,0.295333333333,0.07383333333325,0.12788308462535777,0.75
PB2015.5660.4_14_26,0.103666666667,0.050000000000075,0.050067177094683446,0.509166666667
PB2015.1095.14_23_35,0.114333333333,0.036249999999925,0.046787566605624845,0.644252873563
PB2015.8058.5_63_75,0.233666666667,0.10866666666675,0.08328765414726344,0.414110429448
PB2015.8879.3_42_54,0.0,0.0,0.0,NA
PB2015.8946.3_14_26,0.634,0.28791666666675,0.2908396250513989,0.52525325615
PB2015.5660.2_28_40,0.135666666667,0.0613333333335,0.062018366455415634,0.526494565217
PB2015.11071.1_40_52,0.182666666667,0.04566666666675,0.07909698687912305,0.75
PB2015.9646.1_304_316,0.402,0.231833333333425,0.13101028373547532,0.31344356578
PB2015.6074.4_2401_2413,0.435,0.269583333333175,0.13833260541972953,0.279366306028
PB2015.3693.1_51_63,0.0,0.0,0.0,NA
PB2015.3503.4_232_244,0.789333333333,0.27975,0.3235301269673026,0.602695859398
PB2015.584.23_14_26,0.0,0.0,0.0,NA
PB2015.6040.7_10_22,0.0,0.0,0.0,NA
PB2015.10489.6_38_50,0.857333333333,0.36058333333325,0.3110486184754169,0.453374162237
PB2015.12545.1_76_88,0.0,0.0,0.0,NA
PB2015.13274.1_59_71,0.235333333333,0.13849999999992502,0.09856117671547261,0.380565583634
PB2015.10740.5_42_54,0.549,0.16283333333325,0.22683382316873166,0.67144319345
PB2015.2166.3_47_59,0.0,0.0,0.0,NA
PB2015.8539.2_96_108,0.121333333333,0.05775,0.05789711900334027,0.512626262626
PB2015.7443.1_59_71,0.0,0.0,0.0,NA
PB2015.8879.2_24_36,0.0,0.0,0.0,NA
PB2015.2739.3_72_84,0.0,0.0,0.0,NA
PB2015.8135.1_73_85,0.408666666667,0.1670833333335,0.15023969275067084,0.477182044888
PB2015.4263.1_349_361,0.34,0.16133333333325,0.16179822825557352,0.513429752066
PB2015.7962.5_139_151,0.262333333333,0.06558333333325,0.11359366546291455,0.75
PB2015.76.3_33_45,0.263666666667,0.06591666666675,0.11417101573239283,0.75
PB2015.7775.2_13_25,0.256333333333,0.071249999999925,0.10749686687925995,0.699707602339
PB2015.10321.7_18_30,0.0,0.0,0.0,NA
PB2015.3503.6_53_65,0.956333333333,0.33908333333325,0.392002365001238,0.602543622512
PB2015.1307.3_12_24,0.828666666667,0.20716666666675,0.35882319230149673,0.75
PB2015.8879.5_16_28,0.0,0.0,0.0,NA
PB2015.4066.2_40_52,0.136333333333,0.03408333333325,0.05903406502449489,0.75
PB2015.6040.10_7_19,0.0,0.0,0.0,NA
PB2015.6222.1_29_41,0.273666666667,0.06841666666675,0.11850114275131503,0.75
PB2015.3693.1_48_60,0.150333333333,0.03758333333325,0.06509624285098596,0.75
PB2015.8058.4_54_66,0.143666666667,0.056750000000075004,0.06062653205406798,0.56644640235
PB2015.8993.1_113_125,3.81833333333,0.9545833333325,1.6533868333903474,0.75
PB2015.4560.6_15_27,0.251,0.1735,0.10123803084258873,0.279779058597
PB2015.9311.2_22_34,0.459333333333,0.17483333333325002,0.19125920457140336,0.578408007626
PB2015.11432.3_117_129,0.251666666667,0.17300000000007498,0.06878428438077289,0.215558766859
PB2015.11384.4_8_20,6.864,2.8826666666675003,2.9855152542461254,0.54764107308
PB2015.8879.4_16_28,0.0,0.0,0.0,NA
PB2015.5247.1_60_72,0.455333333333,0.11383333333325,0.1971651169281129,0.75
PB2015.10687.2_31_43,0.193333333333,0.04833333333325,0.0837157890323514,0.75
PB2015.5660.1_26_38,0.124333333333,0.03108333333325,0.05383791260178827,0.75
PB2015.1699.2_18_30,0.0,0.0,0.0,NA
PB2015.15857.2_71_83,0.301,0.07525,0.13033682326955803,0.75
PB2015.15495.1_13_25,0.0,0.0,0.0,NA
PB2015.16774.2_113_125,0.0,0.0,0.0,NA
PB2015.15937.2_2_14,0.209333333333,0.05233333333325,0.09064399226262691,0.75
PB2015.8321.2_45_57,0.023,0.00575,0.009959292143521046,0.75
PB2015.3503.5_64_76,0.802333333333,0.28516666666650003,0.32898636412119386,0.601694915254
PB2015.5318.1_116_128,0.683333333333,0.45199999999975,0.2661841467855001,0.290376106195
PB2015.8150.2_55_67,0.0933333333333,0.04641666666665,0.04641801314622263,0.501346499102
PB2015.7962.1_173_185,0.107333333333,0.02683333333325,0.04647669666962054,0.75
PB2015.5660.4_17_29,0.103666666667,0.02591666666675,0.04488898342963774,0.75
PB2015.2653.9_68_80,0.170333333333,0.07708333333325,0.07792638085602199,0.526216216216
PB2015.3693.2_19_31,1.11466666667,0.2786666666675,0.48266482504397057,0.75
PB2015.5318.1_113_125,0.683333333333,0.34774999999975,0.2743012714151031,0.434399712437
PB2015.14604.1_344_356,0.0,0.0,0.0,NA
PB2015.16790.4_32_44,0.232666666667,0.05816666666675,0.10074762197373405,0.75
PB2015.4621.1_245_257,0.0266666666667,0.0075000000000075,0.011149240133564347,0.694444444445
PB2015.9022.1_196_208,0.411666666667,0.1643333333335,0.17449912448060942,0.563133874239
PB2015.13055.2_24_36,0.262333333333,0.07758333333325,0.108450545564799,0.672663802363
PB2015.8919.2_222_234,0.366333333333,0.09158333333325,0.15862698645970535,0.75
PB2015.9646.1_298_310,0.466666666667,0.17733333333342502,0.18311638679036096,0.549577067669
PB2015.10740.4_52_64,0.163666666667,0.06675,0.07007550491362116,0.556491885144
PB2015.8232.5_114_126,0.0,0.0,0.0,NA
PB2015.16778.2_153_165,0.221333333333,0.05533333333325,0.09584014468533354,0.75
PB2015.11784.6_32_44,0.564,0.2395,0.20388293209584757,0.441544885177
PB2015.8058.2_80_92,0.238,0.11066666666674999,0.08481450347670595,0.413780120482
PB2015.12109.1_244_256,0.453333333333,0.20233333333325002,0.16460373291281583,0.445016474464
PB2015.8058.6_72_84,0.121333333333,0.03033333333325,0.05253887449611161,0.75
PB2015.15549.4_228_240,0.667333333333,0.16683333333325,0.2889638097292634,0.75
PB2015.15602.9_1708_1720,0.224333333333,0.078749999999925,0.09184176458560754,0.606084656084
PB2015.13409.1_6_18,0.0,0.0,0.0,NA
PB2015.14943.11_64_76,0.655,0.247,0.24829115972986232,0.525303643725
PB2015.4019.2_57_69,0.0,0.0,0.0,NA
PB2015.659.2_268_280,0.304333333333,0.107,0.12461563126480339,0.605529595015
PB2015.24.7_33_45,0.283333333333,0.150833333333325,0.11020649809431922,0.40497237569
PB2015.13831.1_30_42,0.0623333333333,0.015583333333325,0.026991125084600574,0.75
PB2015.8058.6_69_81,0.121333333333,0.049916666666575,0.0521804428028235,0.553839732888
PB2015.16191.8_11_23,0.0176666666667,0.007083333333349999,0.0075032400408988125,0.561764705882
PB2015.1342.4_107_119,0.0,0.0,0.0,NA
PB2015.2653.14_102_114,0.195,0.08708333333325,0.08832055725210464,0.52990430622
PB2015.146.2_45_57,0.316333333333,0.14358333333325002,0.14505695720407397,0.525391758561
PB2015.15247.1_107_119,0.277333333333,0.06933333333325,0.12008885599129782,0.75
PB2015.8321.2_42_54,0.023,0.00575,0.009959292143521046,0.75
PB2015.10740.4_46_58,0.163666666667,0.04091666666675,0.0708697455431709,0.75
PB2015.16577.1_127_139,0.697666666667,0.17441666666675,0.302098528353616,0.75
PB2015.7962.5_142_154,0.110333333333,0.02758333333325,0.047775734775297195,0.75
PB2015.1307.1_32_44,0.703666666667,0.17591666666675,0.30469660456496933,0.75
PB2015.10740.2_50_62,0.0,0.0,0.0,NA
PB2015.15495.1_10_22,0.0,0.0,0.0,NA
PB2015.8058.5_54_66,0.091,0.02275,0.03940415587219196,0.75
PB2015.1198.1_16_28,0.38,0.109666666666675,0.15790397926165703,0.683130699088
PB2015.15991.1_62_74,0.133333333333,0.038083333333249994,0.05553696216620775,0.687636761488
PB2015.10740.4_58_70,0.551666666667,0.16375,0.22790219332489312,0.671119592876
PB2015.14764.9_13_25,0.244666666667,0.13408333333325,0.08729782197876837,0.342604101927
PB2015.1699.4_26_38,0.0,0.0,0.0,NA
PB2015.4066.2_52_64,0.04,0.01,0.017320508075688773,0.75
PB2015.6040.5_16_28,0.0,0.0,0.0,NA
PB2015.10489.6_32_44,0.314333333333,0.14625,0.1470626047716242,0.518660968661
PB2015.9646.1_301_313,0.466666666667,0.277833333333425,0.1678938983737606,0.332033593281
PB2015.14943.11_58_70,0.465666666667,0.14416666666675002,0.19106957720523413,0.653757225434
PB2015.8058.13_53_65,0.6,0.25783333333325,0.20190942688910146,0.388978668391
PB2015.8539.5_97_109,0.0,0.0,0.0,NA
PB2015.9646.1_295_307,0.466666666667,0.16691666666675,0.19152942550267124,0.599475786321
PB2015.2662.3_36_48,0.415666666667,0.28416666666675,0.08106941470136511,0.147360703812
PB2015.12262.2_152_164,0.051,0.01275,0.022083647796503184,0.75
PB2015.5660.2_34_46,0.135666666667,0.03391666666675,0.058745389890188765,0.75
PB2015.8919.1_245_257,0.335333333333,0.08383333333325,0.14520359270104655,0.75
PB2015.16790.2_55_67,0.231666666667,0.05791666666675,0.10031460927184181,0.75
PB2015.4941.3_79_91,0.113,0.02825,0.04893043531382078,0.75
PB2015.10042.3_173_185,0.174333333333,0.073,0.07569933215609927,0.548515981735
PB2015.14197.1_25_37,0.0,0.0,0.0,NA
PB2015.8879.4_31_43,0.174,0.0435,0.07534421012924616,0.75
PB2015.12545.1_73_85,0.0,0.0,0.0,NA
PB2015.10321.6_14_26,0.0,0.0,0.0,NA
PB2015.9041.2_23_35,0.126666666667,0.03166666666675,0.05484827557315878,0.75
PB2015.10086.9_234_246,0.0,0.0,0.0,NA
PB2015.18.1_40_52,0.297,0.11058333333334999,0.11167720721396039,0.508100979653
PB2015.11127.3_176_188,0.031,0.00775,0.0134233937586588,0.75
PB2015.4800.7_13_25,0.282666666667,0.07066666666675,0.122398257068345,0.75
PB2015.11085.2_30_42,0.0,0.0,0.0,NA
PB2015.12262.2_158_170,0.00366666666667,0.0009166666666675,0.0015877132402729141,0.75
PB2015.8879.4_22_34,0.0,0.0,0.0,NA
PB2015.6793.9_151_163,0.822,0.24308333333325,0.33815408839760946,0.663952691121
PB2015.6040.1_41_53,0.0,0.0,0.0,NA
PB2015.8058.2_68_80,0.0,0.0,0.0,NA
PB2015.4453.9_23_35,0.178666666667,0.090000000000075,0.08263305768418741,0.476851851852
PB2015.15184.8_3_15,0.587,0.3324166666665,0.21823755851005908,0.360428678867
PB2015.4560.11_14_26,0.241333333333,0.06033333333325,0.10450039872317793,0.75
PB2015.15660.1_26_38,0.0,0.0,0.0,NA
PB2015.6040.4_15_27,0.0,0.0,0.0,NA
PB2015.3728.2_28_40,0.438,0.19341666666657498,0.15943012663161726,0.438496337786
PB2015.8058.13_47_59,0.145333333333,0.05733333333325,0.06129709074106753,0.566860465116
PB2015.3340.1_29_41,0.0,0.0,0.0,NA
PB2015.14950.1_21_33,0.585666666667,0.24325,0.25315524167775383,0.550959232614
PB2015.10740.2_47_59,0.0,0.0,0.0,NA
PB2015.4644.4_523_535,0.7,0.36783333333324997,0.26262028989901637,0.398164929769
PB2015.2653.4_78_90,0.117,0.02925,0.05066248612138966,0.75
PB2015.15495.1_16_28,0.0,0.0,0.0,NA
PB2015.8879.4_28_40,0.174,0.0435,0.07534421012924616,0.75
PB2015.7324.1_195_207,0.0,0.0,0.0,NA
PB2015.14943.3_56_68,0.440333333333,0.13658333333325,0.18063043532753845,0.652989627822
PB2015.16790.4_29_41,0.232666666667,0.05816666666675,0.10074762197373405,0.75
PB2015.5247.2_63_75,0.457666666667,0.11441666666675,0.1981754798994834,0.75
PB2015.6040.8_13_25,0.0,0.0,0.0,NA
PB2015.5866.2_1_13,0.0,0.0,0.0,NA
PB2015.6040.3_25_37,0.0,0.0,0.0,NA
PB2015.12262.2_149_161,0.051,0.01275,0.022083647796503184,0.75
PB2015.15660.1_17_29,0.0,0.0,0.0,NA
PB2015.12345.1_19_31,0.921,0.26366666666675,0.3834147015090993,0.686630847029
PB2015.40.8_16_28,0.0,0.0,0.0,NA
PB2015.14451.2_19_31,0.429333333333,0.19949999999975,0.15254807985233185,0.40350877193
PB2015.8455.2_16_28,0.0,0.0,0.0,NA
PB2015.2653.12_88_100,0.163333333333,0.07375000000000001,0.07459497115903287,0.526836158192
PB2015.1307.3_83_95,0.265333333333,0.06633333333325,0.1148927035685912,0.75
PB2015.13055.2_12_24,0.0,0.0,0.0,NA
PB2015.4453.6_61_73,0.178666666667,0.079083333333325,0.0687416156504586,0.47971548999
PB2015.2955.2_32_44,0.366666666667,0.126666666666825,0.14409796050694407,0.580921052632
PB2015.11748.2_30_42,0.295333333333,0.07383333333325,0.12788308462535777,0.75
PB2015.146.1_38_50,0.314666666667,0.1438333333335,0.14509489232163109,0.523464658169
PB2015.937.5_43_55,0.0,0.0,0.0,NA
PB2015.4066.2_43_55,0.136333333333,0.04408333333325,0.0557077567906956,0.636578449905
PB2015.2653.6_79_91,0.197666666667,0.088,0.08932369350978185,0.530776515152
PB2015.3885.1_52_64,0.0,0.0,0.0,NA
PB2015.8539.7_64_76,0.0,0.0,0.0,NA
PB2015.6040.1_47_59,0.0,0.0,0.0,NA
PB2015.2166.3_50_62,0.537333333333,0.13433333333325,0.23267215848327485,0.75
PB2015.6040.5_13_25,0.0,0.0,0.0,NA
PB2015.6040.8_16_28,0.0,0.0,0.0,NA
PB2015.13808.1_121_133,0.0246666666667,0.006166666666675,0.010680979980022511,0.75
PB2015.9718.7_21_33,0.233666666667,0.14300000000025,0.09542449021795803,0.355769230769
PB2015.13409.2_14_26,0.0,0.0,0.0,NA
PB2015.4560.1_32_44,0.576333333333,0.20933333333325,0.23717047314805476,0.594148089172
PB2015.6040.4_18_30,0.0,0.0,0.0,NA
PB2015.4653.10_56_68,0.215333333333,0.1076666666665,0.1076666666665,0.5
PB2015.14950.1_35_47,1.12633333333,0.37391666666575,0.4598312718920472,0.626532204145
PB2015.11384.4_11_23,4.66666666667,1.7160000000000002,1.925319944552854,0.589937839938
PB2015.15991.1_59_71,0.133333333333,0.038083333333249994,0.05553696216620775,0.687636761488
PB2015.6040.6_17_29,0.0,0.0,0.0,NA
PB2015.15184.9_46_58,0.4,0.23183333333325,0.15178960219105067,0.357836089145
PB2015.2535.1_60_72,1.034,0.459416666666675,0.35063287028202283,0.392844186468
PB2015.2653.4_75_87,0.177333333333,0.07358333333325,0.07661279810394633,0.551245753114
PB2015.6040.10_16_28,0.0,0.0,0.0,NA
PB2015.6837.1_4_16,0.0,0.0,0.0,NA
PB2015.14701.1_3_15,0.100333333333,0.02508333333325,0.043445607756375,0.75
PB2015.4904.1_19_31,0.26,0.065,0.11258330249197702,0.75
PB2015.13274.1_56_68,0.235333333333,0.13849999999992502,0.09856117671547261,0.380565583634
PB2015.659.1_51_63,0.299666666667,0.107,0.12295685783606151,0.60007788162
PB2015.11891.1_55_67,0.300333333333,0.07508333333325,0.13004814813481885,0.75
PB2015.3864.2_2_14,0.204333333333,0.05108333333325,0.0884789287531658,0.75
PB2015.14943.5_110_122,0.442,0.13708333333325,0.1813169991111473,0.653039513678
PB2015.8273.1_524_536,0.295333333333,0.07383333333325,0.12788308462535777,0.75
PB2015.7783.1_21_33,0.182333333333,0.07433333333325,0.07805233287127725,0.556614349776
PB2015.8879.5_25_37,0.234,0.0585,0.10132497224277932,0.75
PB2015.7962.1_170_182,0.263333333333,0.06583333333325,0.11402667816480676,0.75
PB2015.15557.7_32_44,0.39,0.158,0.16643917808016237,0.558544303797
PB2015.3623.1_52_64,0.0,0.0,0.0,NA
PB2015.4701.5_1_13,0.223666666667,0.09375,0.09717549273814331,0.548222222223
PB2015.8879.3_45_57,0.0,0.0,0.0,NA
PB2015.15991.1_65_77,0.133333333333,0.038083333333249994,0.05553696216620775,0.687636761488
PB2015.15557.7_29_41,0.242,0.11308333333324999,0.1136362068180023,0.517501842299
PB2015.1095.14_20_32,0.0306666666667,0.007666666666675,0.013279056191375826,0.75
PB2015.13927.1_51_63,0.0,0.0,0.0,NA
PB2015.76.1_37_49,0.293,0.07325,0.12687272165442026,0.75
PB2015.2351.6_18_30,0.136,0.034,0.058889727457341834,0.75
PB2015.9646.1_283_295,0.0,0.0,0.0,NA
PB2015.10687.1_35_47,0.201333333333,0.05033333333325,0.08717989064748916,0.75
PB2015.3728.2_19_31,0.131,0.047833333333325,0.05396526660732616,0.592334494774
PB2015.7680.3_70_82,1.556,0.78175,0.5374683130194746,0.371842021106
PB2015.9210.1_21_33,2.222,0.5555,0.9621542236045113,0.75
PB2015.16048.1_27_39,0.226333333333,0.10933333333325,0.08829590401964955,0.448170731707
PB2015.16774.2_128_140,0.841666666667,0.36116666666667496,0.3387616746656449,0.510613751731
PB2015.10086.3_241_253,0.075,0.01875,0.032475952641916446,0.75
PB2015.2955.2_266_278,0.221666666667,0.15275000000025,0.047451949380365725,0.164620840152
PB2015.13055.2_18_30,0.262333333333,0.07758333333325,0.108450545564799,0.672663802363
PB2015.14604.1_347_359,0.0,0.0,0.0,NA
PB2015.6040.10_13_25,0.0,0.0,0.0,NA
PB2015.197.1_8_20,0.0,0.0,0.0,NA
PB2015.12042.1_21_33,0.574,0.37066666666649994,0.12838916534422296,0.180080935252
PB2015.11432.2_96_108,0.331333333333,0.22108333333324998,0.09469904815894263,0.230211081794
PB2015.367.2_36_48,0.0,0.0,0.0,NA
PB2015.2653.14_105_117,0.153333333333,0.03833333333325,0.06639528095666263,0.75
PB2015.2040.1_71_83,0.977,0.47400000000007503,0.4685140220836178,0.504395218003
PB2015.5318.4_229_241,0.676333333333,0.5034166666665,0.21113626129436036,0.202077470617
PB2015.2653.5_107_119,0.165666666667,0.0743333333335,0.07529903348960877,0.528587443946
PB2015.1114.1_13_25,0.209666666667,0.05241666666675,0.090788329830213,0.75
PB2015.10740.5_39_51,0.162333333333,0.06616666666650001,0.06948401095040299,0.556675062972
PB2015.76.4_22_34,0.453333333333,0.11333333333325,0.19629909152432845,0.75
PB2015.15855.1_199_211,0.645333333333,0.16133333333325,0.2794375302876345,0.75
PB2015.16048.1_30_42,0.158,0.05275,0.06450339138370943,0.624407582938
PB2015.9646.1_289_301,0.0,0.0,0.0,NA
PB2015.9969.1_31_43,0.223333333333,0.114,0.08115965062070835,0.396198830409
PB2015.5660.2_31_43,0.135666666667,0.03391666666675,0.05874538989018876,0.75
PB2015.11545.1_52_64,0.188666666667,0.04716666666675,0.08169506309047637,0.75
PB2015.11127.3_179_191,0.031,0.00775,0.0134233937586588,0.75
PB2015.9718.7_18_30,0.233666666667,0.1148333333335,0.11486816114347231,0.50435413643
PB2015.8879.2_27_39,0.177333333333,0.04433333333325,0.07678758580207588,0.75
PB2015.2739.1_109_121,0.146666666667,0.09133333333325,0.0548897885666552,0.301094890512
PB2015.6040.10_10_22,0.0,0.0,0.0,NA
PB2015.8919.2_225_237,0.0,0.0,0.0,NA
PB2015.1198.1_19_31,0.38,0.095,0.16454482671904336,0.75
PB2015.16106.5_84_96,0.171333333333,0.0749166666665,0.07644365208713849,0.535873192436
PB2015.3894.2_54_66,0.201333333333,0.08349999999999999,0.0869576844728368,0.551397205588
PB2015.15602.8_393_405,0.202333333333,0.071249999999925,0.08286480790339908,0.604970760234
PB2015.2653.9_71_83,0.138,0.0345,0.05975575286112627,0.75
PB2015.16068.1_112_124,0.479,0.20866666666675,0.21317402906238642,0.536940894569
PB2015.3693.1_33_45,0.037,0.00925,0.016021469970012116,0.75
PB2015.10718.1_47_59,0.0,0.0,0.0,NA
PB2015.6040.3_19_31,0.0,0.0,0.0,NA
PB2015.8919.1_248_260,0.0,0.0,0.0,NA
PB2015.10086.6_222_234,0.0,0.0,0.0,NA
PB2015.1248.2_138_150,0.441666666667,0.1655833333335,0.18309277778719993,0.583417211877
PB2015.10740.4_55_67,0.163666666667,0.06675,0.07007550491362116,0.556491885144
PB2015.10741.3_7_19,0.588333333333,0.29733333333324996,0.20924560263518827,0.384389013453
PB2015.1095.14_17_29,0.0306666666667,0.007666666666675,0.013279056191375826,0.75
PB2015.14943.3_62_74,0.612333333333,0.23258333333325,0.23170675612348907,0.522124686492
PB2015.14317.1_69_81,0.428,0.19183333333324998,0.1943778536767381,0.528887923545
PB2015.15466.1_32_44,0.0,0.0,0.0,NA
PB2015.3693.2_16_28,0.0,0.0,0.0,NA
PB2015.6040.6_14_26,0.0,0.0,0.0,NA
PB2015.2653.8_101_113,0.196666666667,0.08791666666674999,0.08914232533810632,0.529620853081
PB2015.3731.3_207_219,1.11033333333,0.732666666665825,0.4000218744010812,0.280880345768
PB2015.4082.1_25_37,0.0,0.0,0.0,NA
PB2015.5319.1_174_186,0.596,0.355166666666825,0.21705945166144605,0.332238385734
PB2015.15660.1_23_35,0.0,0.0,0.0,NA
PB2015.10897.1_36_48,0.0573333333333,0.014333333333325,0.024826061575139474,0.75
PB2015.7289.2_58_70,0.153333333333,0.0473333333332425,0.06235561099215332,0.642605633803
PB2015.2653.5_110_122,0.131666666667,0.03291666666675,0.057013339082619886,0.75
PB2015.4213.1_33_45,0.783666666667,0.19591666666675,0.3393376207163469,0.75
PB2015.8058.13_56_68,0.6,0.24199999999992503,0.21685069108083246,0.46349862259
PB2015.10086.17_218_230,0.0,0.0,0.0,NA
PB2015.2861.1_7_19,0.275333333333,0.06883333333325,0.11922283058751337,0.75
PB2015.24.1_34_46,0.302,0.16024999999999998,0.11732087410175565,0.40600624025
PB2015.13930.3_43_55,0.0,0.0,0.0,NA
PB2015.3728.2_25_37,0.232333333333,0.08391666666657499,0.08845883380281154,0.532025819265
PB2015.6040.2_19_31,0.0,0.0,0.0,NA
PB2015.10086.2_242_254,0.0,0.0,0.0,NA
PB2015.9000.3_44_56,0.675666666667,0.16891666666675,0.29257224891198724,0.75
PB2015.13055.2_15_27,0.262333333333,0.06558333333325,0.11359366546291454,0.75
PB2015.8058.4_63_75,0.593,0.23975000000017502,0.21374600386121925,0.460636079249
PB2015.10504.1_25_37,0.787,0.28225,0.32313803165210997,0.598538529672
PB2015.10309.1_33_45,0.283666666667,0.10125,0.11638546468058605,0.600205761317
PB2015.584.23_20_32,0.0,0.0,0.0,NA
PB2015.12262.2_161_173,0.00366666666667,0.0009166666666675,0.0015877132402729143,0.75
PB2015.7602.1_207_219,1.24633333333,0.6020833333325,0.49785497525655636,0.455882352941
PB2015.12545.1_82_94,0.0,0.0,0.0,NA
PB2015.13139.1_19_31,0.041,0.01025,0.017753520777580994,0.75
PB2015.4941.5_81_93,0.113666666667,0.02841666666675,0.04921911044855993,0.75
PB2015.1182.1_27_39,0.197,0.04925,0.0853035022727672,0.75
PB2015.8879.2_18_30,0.0,0.0,0.0,NA
PB2015.15549.4_231_243,0.667333333333,0.16683333333325,0.2889638097292634,0.75
PB2015.15089.2_25_37,0.118333333333,0.02958333333325,0.05123983639043495,0.75
PB2015.7258.4_27_39,0.0,0.0,0.0,NA
PB2015.15549.11_15_27,0.666333333333,0.16658333333325,0.28853079702737117,0.75
PB2015.10897.1_39_51,0.0,0.0,0.0,NA
PB2015.2374.1_29_41,0.138333333333,0.052916666666575,0.05769140846864925,0.576771653543
PB2015.2991.1_43_55,0.0,0.0,0.0,NA
PB2015.15602.7_71_83,0.194666666667,0.066500000000075,0.07952131091041048,0.615914786968
PB2015.32.1_18_30,0.202,0.0505,0.08746856578222832,0.75
PB2015.9969.1_34_46,0.223333333333,0.0915,0.09584173876174955,0.555100182149
PB2015.367.2_39_51,0.0,0.0,0.0,NA
PB2015.4621.1_239_251,0.0266666666667,0.006666666666675,0.011547005383806949,0.75
PB2015.4653.2_22_34,0.0,0.0,0.0,NA
PB2015.8058.2_77_89,0.238,0.08274999999999999,0.09734314305589274,0.609516616314
PB2015.9088.14_21_33,0.317666666667,0.07941666666675,0.13755370163457267,0.75
PB2015.2374.2_33_45,0.113666666667,0.046250000000074995,0.048611484125664246,0.557207207208
PB2015.6213.1_44_56,0.0,0.0,0.0,NA
PB2015.14764.9_16_28,0.244666666667,0.0975,0.1036322290067402,0.563675213676
PB2015.433.3_140_152,0.494666666667,0.2688333333335,0.18520986594798944,0.382517048977
PB2015.10504.1_19_31,0.342,0.12566666666675,0.14107562983499017,0.590185676392
PB2015.15187.2_7_19,0.205333333333,0.05133333333325,0.08891194145505803,0.75
PB2015.16106.3_89_101,0.0,0.0,0.0,NA
PB2015.11219.3_128_140,0.242333333333,0.06058333333325,0.10493341142507014,0.75
PB2015.4560.12_5_17,0.241666666667,0.11516666666675,0.11544515292273824,0.512301013025
PB2015.12545.1_79_91,0.0,0.0,0.0,NA
PB2015.2451.1_46_58,0.310333333333,0.17258333333325002,0.11850348682147073,0.379406084017
PB2015.197.1_5_17,0.0,0.0,0.0,NA
PB2015.14197.1_22_34,0.0,0.0,0.0,NA
PB2015.10687.3_29_41,0.2,0.05,0.08660254037844388,0.75
PB2015.9311.2_25_37,0.459333333333,0.17483333333325002,0.19125920457140336,0.578408007626
PB2015.8150.2_4_16,0.0,0.0,0.0,NA
PB2015.14092.1_61_73,0.0,0.0,0.0,NA
PB2015.11219.3_125_137,0.242333333333,0.0946666666665,0.1018149192296798,0.569982394366
PB2015.6837.1_10_22,0.0,0.0,0.0,NA
PB2015.937.3_176_188,0.0203333333333,0.005083333333325,0.008804591605127358,0.75
PB2015.16790.4_26_38,0.232666666667,0.05816666666675,0.10074762197373405,0.75
PB2015.7258.3_34_46,0.129,0.03225,0.05585863854409629,0.75
PB2015.15549.11_12_24,0.666333333333,0.16658333333325,0.28853079702737117,0.75
PB2015.10740.4_49_61,0.163666666667,0.06675,0.07007550491362116,0.556491885144
PB2015.3809.4_17_29,0.428333333333,0.1564166666665,0.17645480614326994,0.592301545019
PB2015.240.3_75_87,0.334666666667,0.08366666666675,0.1449149175667404,0.75
PB2015.10740.5_33_45,0.162333333333,0.06616666666650001,0.06948401095040299,0.556675062972
PB2015.10321.9_5_17,0.0,0.0,0.0,NA
PB2015.1182.1_3_15,0.0,0.0,0.0,NA
PB2015.2653.6_82_94,0.154333333333,0.03858333333325,0.06682829365855485,0.75
PB2015.5568.1_102_114,0.225,0.10641666666675001,0.1067638554631156,0.514291307752
PB2015.6040.8_10_22,0.0,0.0,0.0,NA
PB2015.14640.5_19_31,0.152,0.06841666666675,0.06925210586455506,0.527710109622
PB2015.14640.2_22_34,0.148333333333,0.076499999999925,0.06072456028831802,0.434095860566
PB2015.16367.1_66_78,0.384,0.24441666666675002,0.1462059762800825,0.304722127514
PB2015.1342.6_96_108,0.0,0.0,0.0,NA
PB2015.8058.6_63_75,0.0783333333333,0.019583333333325,0.03391932831487608,0.75
PB2015.7324.1_198_210,0.0226666666667,0.005666666666675,0.00981495457623807,0.75
PB2015.5767.2_48_60,0.381666666667,0.14316666666675,0.15824321997073498,0.583236321304
PB2015.8058.4_57_69,0.593,0.205000000000075,0.22974635772712632,0.560772357723
PB2015.14943.3_59_71,0.612333333333,0.17958333333325,0.25356824360829283,0.676218097448
PB2015.4621.1_242_254,0.0266666666667,0.006666666666675,0.011547005383806949,0.75
PB2015.12262.2_155_167,0.051,0.0136666666666675,0.021606326234075903,0.716463414634
PB2015.11953.1_116_128,0.395333333333,0.1579166666665,0.14576281628411095,0.482189973615
PB2015.2363.1_22_34,0.640333333333,0.16008333333325,0.27727246677817347,0.75
PB2015.9646.1_307_319,0.460333333333,0.296666666666675,0.16054819283376678,0.289747191011
PB2015.8879.3_51_63,0.0,0.0,0.0,NA
PB2015.9006.1_174_186,0.0,0.0,0.0,NA
PB2015.1819.1_838_850,0.720666666667,0.2165833333335,0.29704623424283627,0.66592920354
PB2015.367.2_42_54,0.239,0.05975,0.10349003575224042,0.75
PB2015.8058.13_50_62,0.6,0.20733333333325,0.23250232973745374,0.561093247589
PB2015.3885.1_49_61,0.452333333333,0.11308333333325,0.1958660788224362,0.75
PB2015.2528.1_21_33,0.238333333333,0.1169166666665,0.11695995872265633,0.504811119031
PB2015.14640.5_25_37,0.152,0.077333333333425,0.061759839522010355,0.438038793103
PB2015.9042.1_10_22,0.145333333333,0.03633333333325,0.06293117934152487,0.75
PB2015.8879.4_25_37,0.0,0.0,0.0,NA
PB2015.4904.1_16_28,0.26,0.06841666666667501,0.11075131677170143,0.72503045067
PB2015.8879.1_52_64,0.244666666667,0.06116666666675,0.10594377439644066,0.75
PB2015.8946.3_17_29,0.634,0.28791666666675,0.2908396250513989,0.52525325615
PB2015.8879.1_61_73,0.244666666667,0.10525,0.10798723561406201,0.540577988916
PB2015.10740.1_50_62,0.114,0.037250000000000005,0.04655843103026562,0.63255033557
PB2015.6213.1_41_53,0.0,0.0,0.0,NA
PB2015.14186.3_8_20,0.136333333333,0.03408333333325,0.05903406502449489,0.75
PB2015.2166.1_101_113,0.655,0.43508333333332505,0.2204304343526291,0.258235970121
PB2015.5660.1_23_35,0.124333333333,0.053416666666575005,0.05483124362774713,0.540951638065
PB2015.14639.1_188_200,0.192666666667,0.073083333333425,0.08013924513702063,0.57953249715
PB2015.2166.1_98_110,0.655,0.31266666666657505,0.2831665195211928,0.484541577825
PB2015.8058.13_44_56,0.084,0.021,0.036373066958946425,0.75
PB2015.4621.1_281_293,0.201333333333,0.1006666666665,0.1006666666665,0.5
PB2015.16790.2_49_61,0.231666666667,0.05791666666675,0.10031460927184181,0.75
PB2015.6040.4_9_21,0.0,0.0,0.0,NA
PB2015.14640.1_35_47,0.152666666667,0.07116666666675,0.0715407809109386,0.518149882904
PB2015.2955.1_21_33,0.371,0.19074999999999998,0.14477364995811026,0.42125382263
PB2015.16367.1_72_84,0.639666666667,0.22916666666675,0.2625990289396905,0.598909090909
PB2015.2166.1_89_101,0.0,0.0,0.0,NA
PB2015.6793.9_148_160,0.133333333333,0.037583333333249994,0.05571523579761681,0.693458980044
PB2015.10740.1_53_65,0.114,0.037250000000000005,0.04655843103026562,0.63255033557
PB2015.5660.1_29_41,0.124333333333,0.03108333333325,0.05383791260178827,0.75
PB2015.1198.1_10_22,0.253333333333,0.077999999999925,0.10402350161794854,0.655982905983
PB2015.9969.1_37_49,0.223333333333,0.05583333333325,0.09670617008911798,0.75
PB2015.6040.6_11_23,0.0,0.0,0.0,NA
PB2015.15660.1_29_41,0.0,0.0,0.0,NA
PB2015.13426.3_162_174,0.217666666667,0.05441666666675,0.09425243144535074,0.75
PB2015.10489.6_29_41,0.314333333333,0.07858333333325,0.13611032596130992,0.75
PB2015.6040.8_7_19,0.0,0.0,0.0,NA
PB2015.197.2_19_31,0.0,0.0,0.0,NA
PB2015.15602.7_74_86,0.194666666667,0.060000000000075,0.07992218437691906,0.655555555556
PB2015.1114.1_19_31,0.209666666667,0.05241666666675,0.090788329830213,0.75
PB2015.11784.3_17_29,0.561666666667,0.45708333333325,0.15675217081605358,0.154102096627
PB2015.14898.1_171_183,0.0,0.0,0.0,NA
PB2015.12133.2_157_169,0.225666666667,0.05641666666675,0.0977165330604885,0.75
PB2015.13409.4_19_31,0.0,0.0,0.0,NA
PB2015.16118.1_10_22,0.0,0.0,0.0,NA
PB2015.2653.12_91_103,0.131666666667,0.03291666666675,0.057013339082619886,0.75
PB2015.7258.3_31_43,0.0,0.0,0.0,NA
PB2015.5698.3_13_25,0.448666666667,0.11216666666675,0.1942783655824534,0.75
PB2015.4941.3_82_94,0.113,0.02825,0.04893043531382078,0.75
PB2015.7258.3_37_49,0.748333333333,0.21933333333325,0.3099255286891436,0.676481762918
PB2015.4560.11_17_29,0.241333333333,0.06033333333325,0.10450039872317791,0.75
PB2015.3885.1_55_67,0.226333333333,0.05658333333325,0.09800520819479462,0.75
PB2015.16068.1_115_127,0.479,0.20866666666675,0.21317402906238642,0.536940894569
PB2015.16675.1_326_338,0.351666666667,0.08791666666675,0.15227613349890812,0.75
PB2015.11175.1_162_174,0.0,0.0,0.0,NA
PB2015.2653.8_104_116,0.155,0.03875,0.067116968793294,0.75
PB2015.1129.3_68_80,0.0,0.0,0.0,NA
PB2015.7980.2_140_152,0.132666666667,0.03316666666675,0.0574463517845121,0.75
PB2015.11248.1_25_37,0.376666666667,0.15175,0.16032698792024985,0.560269082922
PB2015.3894.1_85_97,0.192,0.08058333333325,0.08348066143320285,0.547828335057
PB2015.8332.1_2_14,0.175666666667,0.0835833333335,0.08379915638679766,0.512711864407
PB2015.13426.10_62_74,0.285,0.07125,0.1234086200392825,0.75
PB2015.10309.1_36_48,0.283666666667,0.13991666666675,0.10099955307946534,0.395026801668
PB2015.1182.1_6_18,0.0,0.0,0.0,NA
PB2015.5247.3_24_36,0.472666666667,0.15425,0.19305027770577524,0.633036196651
PB2015.9646.1_292_304,0.466666666667,0.11666666666675,0.20207259421651336,0.75
PB2015.937.5_40_52,0.0,0.0,0.0,NA
PB2015.14680.1_195_207,0.546,0.21783333333325,0.23138297978311936,0.563312930375
PB2015.14640.2_16_28,0.148333333333,0.06758333333325,0.06822160581506816,0.524352651048
PB2015.9311.2_28_40,0.459333333333,0.17483333333325002,0.19125920457140336,0.578408007626
PB2015.4560.6_12_24,0.233333333333,0.11075,0.11106564000123956,0.513355906696
PB2015.8425.1_25_37,0.198333333333,0.08899999999989999,0.07100352103932675,0.426966292135
PB2015.4951.2_140_152,0.0,0.0,0.0,NA
PB2015.6213.1_50_62,0.0,0.0,0.0,NA
PB2015.8993.1_116_128,3.81833333333,0.9545833333325,1.6533868333903474,0.75
PB2015.8167.2_22_34,0.516333333333,0.2479166666665,0.24834008659704634,0.510336134454
PB2015.5723.1_30_42,0.0,0.0,0.0,NA
PB2015.3731.2_251_263,1.15733333333,0.76283333333325,0.41919721558631245,0.284738911951
PB2015.2535.1_54_66,0.683,0.28624999999992506,0.26873266093933734,0.511717612809
PB2015.10740.1_56_68,0.114,0.035833333333325,0.04669136251313986,0.647674418605
PB2015.937.3_173_185,0.0,0.0,0.0,NA
PB2015.13055.2_30_42,0.262333333333,0.06558333333325,0.11359366546291454,0.75
PB2015.6213.1_47_59,0.0,0.0,0.0,NA
PB2015.2372.2_33_45,0.0,0.0,0.0,NA
PB2015.8879.1_49_61,0.0,0.0,0.0,NA
PB2015.197.2_22_34,0.0,0.0,0.0,NA
PB2015.3894.2_51_63,0.201333333333,0.1006666666665,0.1006666666665,0.5
PB2015.8879.3_48_60,0.0,0.0,0.0,NA
PB2015.14604.1_350_362,0.0,0.0,0.0,NA
PB2015.14395.1_32_44,0.234666666667,0.05866666666675,0.10161364737751848,0.75
PB2015.2040.1_74_86,0.977,0.511833333333325,0.43351294354650644,0.445620319114
PB2015.15602.8_396_408,0.202333333333,0.08383333333324999,0.08734366987164506,0.551689860835
PB2015.10741.4_39_51,0.23,0.0855,0.09513542978302038,0.586257309942
PB2015.8879.2_21_33,0.0,0.0,0.0,NA
PB2015.10086.7_222_234,0.0706666666667,0.017666666666675,0.0305995642670646,0.75
PB2015.10740.5_45_57,0.549,0.13725,0.23772397333882844,0.75
PB2015.4263.1_352_364,0.756666666667,0.35050000000000003,0.2692451897848826,0.410960532573
PB2015.16790.2_52_64,0.231666666667,0.05791666666675,0.10031460927184181,0.75
PB2015.240.2_98_110,0.349666666667,0.08741666666675,0.1514101080951237,0.75
PB2015.12545.1_85_97,0.0,0.0,0.0,NA
PB2015.8879.2_30_42,0.177333333333,0.04433333333325,0.07678758580207588,0.75
PB2015.2166.3_56_68,0.537333333333,0.262166666666575,0.23088386931760402,0.472663699936
PB2015.2463.2_18_30,0.287333333333,0.07183333333325,0.12441898301022002,0.75
PB2015.13274.1_50_62,0.228,0.072583333333325,0.0932685414989079,0.642652123995
PB2015.16146.2_75_87,0.0,0.0,0.0,NA
PB2015.3809.4_14_26,0.197333333333,0.04933333333325,0.08544783983992027,0.75
PB2015.7962.11_80_92,0.107333333333,0.02683333333325,0.04647669666962054,0.75
PB2015.14091.4_62_74,0.0,0.0,0.0,NA
PB2015.15549.17_1_13,0.684333333333,0.17108333333325,0.2963250256614311,0.75
PB2015.2166.1_95_107,0.655,0.29558333333325004,0.2990097894160458,0.526994643361
PB2015.4621.1_248_260,0.0753333333333,0.0263333333333325,0.03009798812027336,0.591772151899
PB2015.14940.3_71_83,0.108333333333,0.02708333333325,0.04690970937151276,0.75
PB2015.16068.1_109_121,0.355666666667,0.143,0.1512472221967909,0.560897435898
PB2015.8879.1_55_67,0.244666666667,0.06116666666675,0.10594377439644066,0.75
PB2015.10321.5_26_38,0.0556666666667,0.013916666666675,0.02410437373868131,0.75
PB2015.3621.2_109_121,0.762666666667,0.41316666666674995,0.27422066337579737,0.362545381202
PB2015.4904.1_13_25,0.26,0.06841666666667501,0.11075131677170144,0.72503045067
PB2015.24.1_37_49,0.237,0.11024999999999999,0.08419731290249113,0.40306122449
PB2015.14701.1_6_18,0.100333333333,0.02508333333325,0.04344560775637501,0.75
PB2015.2965.1_10_22,0.522,0.261,0.261,0.5
PB2015.14764.9_19_31,0.145333333333,0.03633333333325,0.06293117934152487,0.75
PB2015.8455.2_13_25,0.0,0.0,0.0,NA
PB2015.11085.1_29_41,0.0,0.0,0.0,NA
PB2015.4951.2_74_86,0.0543333333333,0.01866666666665,0.022202352227721777,0.613839285714
PB2015.14451.2_22_34,0.429333333333,0.26074999999975,0.10043333195042392,0.190715883669
PB2015.15187.2_10_22,0.205333333333,0.05133333333325,0.08891194145505803,0.75
PB2015.10741.3_4_16,0.588333333333,0.29733333333324996,0.20924560263518827,0.384389013453
PB2015.6040.1_44_56,0.0,0.0,0.0,NA
PB2015.10740.2_59_71,0.0,0.0,0.0,NA
PB2015.11432.3_86_98,0.557666666667,0.187500000000075,0.213781495405569,0.503333333333
PB2015.2861.1_4_16,0.275333333333,0.06883333333325,0.11922283058751337,0.75
PB2015.14640.2_13_25,0.148333333333,0.03708333333325,0.06423021744720152,0.75
PB2015.4453.4_73_85,0.330333333333,0.150749999999925,0.12113935386786867,0.444582642344
PB2015.12109.1_247_259,0.453333333333,0.20233333333325002,0.16460373291281583,0.445016474464
PB2015.16367.1_60_72,0.384,0.17516666666675001,0.17677693099880684,0.524024738344
PB2015.8539.4_104_116,0.133,0.0605,0.061092143521078064,0.52479338843
PB2015.584.23_17_29,0.0,0.0,0.0,NA
PB2015.5319.1_177_189,0.596,0.431750000000075,0.21038554225257908,0.228961590427
PB2015.14801.1_69_81,2.33333333333,1.072166666665,1.0804637250308486,0.522034820457
PB2015.10086.20_245_257,0.0116666666667,0.002916666666675,0.00505181485542366,0.75
PB2015.16367.1_69_81,0.639666666667,0.32516666666675,0.22936052406648452,0.389415684265
PB2015.14451.2_25_37,0.429333333333,0.26074999999975,0.10043333195042392,0.190715883669
PB2015.24.6_76_88,0.276,0.14791666666675,0.10767708282953617,0.402957746479
PB2015.5568.1_99_111,0.225,0.10641666666675001,0.1067638554631156,0.514291307752
PB2015.2535.1_57_69,0.683,0.3716666666666751,0.2126128458541753,0.308520179372
PB2015.4560.1_29_41,0.576333333333,0.2431666666665,0.2513563760434509,0.54626456477
PB2015.32.1_15_27,0.202,0.0505,0.08746856578222832,0.75
PB2015.24.6_73_85,0.276,0.12416666666675,0.12569838238159398,0.527852348993
PB2015.15901.1_78_90,0.207666666667,0.1015,0.10155362568067397,0.505747126437
PB2015.13930.3_46_58,0.0886666666667,0.022166666666675,0.03839379290112455,0.75
PB2015.1248.1_177_189,0.219,0.05475,0.09482978171439603,0.75
PB2015.2351.1_39_51,0.128666666667,0.03216666666675,0.05571430097694322,0.75
PB2015.6040.7_7_19,0.0,0.0,0.0,NA
PB2015.3874.2_15_27,0.178,0.0445,0.07707626093681504,0.75
PB2015.11545.1_55_67,0.188666666667,0.0943333333335,0.0943333333335,0.5
PB2015.8058.6_66_78,0.0783333333333,0.019583333333325,0.03391932831487608,0.75
PB2015.14801.1_72_84,2.33333333333,1.072166666665,1.0804637250308486,0.522034820457
PB2015.8058.2_83_95,0.238,0.08741666666674999,0.0981666312959961,0.590324118207
PB2015.10740.2_53_65,0.0,0.0,0.0,NA
PB2015.8232.4_136_148,0.0,0.0,0.0,NA
PB2015.11219.3_131_143,0.0,0.0,0.0,NA
PB2015.14943.5_116_128,0.626666666667,0.23641666666674999,0.23752559803588538,0.525114557632
PB2015.12262.2_143_155,0.0,0.0,0.0,NA
PB2015.8058.5_57_69,0.091,0.02275,0.03940415587219196,0.75
PB2015.3503.1_224_236,0.795666666667,0.28275,0.3262451681209991,0.601753610374
PB2015.10687.3_26_38,0.2,0.05,0.08660254037844388,0.75
PB2015.14640.1_38_50,0.152666666667,0.07116666666675,0.0715407809109386,0.518149882904
PB2015.10687.2_28_40,0.193333333333,0.04833333333325,0.0837157890323514,0.75
PB2015.8879.1_58_70,0.244666666667,0.10525,0.10798723561406201,0.540577988916
PB2015.8167.1_21_33,0.519333333333,0.24933333333325,0.2497612193007987,0.510360962567
PB2015.2111.1_124_136,0.645666666667,0.36758333333325,0.18554894158221433,0.277318068465
PB2015.13930.1_106_118,0.147333333333,0.03683333333325,0.06379720474530931,0.75
PB2015.32.1_21_33,0.202,0.07300000000000001,0.08304817878797825,0.595890410959
PB2015.14640.1_41_53,0.152666666667,0.08100000000007501,0.06331315468027315,0.424897119342
PB2015.2166.1_92_104,0.655,0.16375,0.2836233197394037,0.75
PB2015.14638.1_571_583,0.0,0.0,0.0,NA
PB2015.8879.3_57_69,0.173666666667,0.04341666666675,0.0751998725620931,0.75
PB2015.24.1_31_43,0.302,0.13474999999999998,0.13669560161175634,0.530148423006
PB2015.12262.2_146_158,0.051,0.01275,0.022083647796503184,0.75
PB2015.1016.4_50_62,0.370333333333,0.223166666666675,0.11045122100821583,0.27352501867
PB2015.14943.5_113_125,0.626666666667,0.18325,0.2596611440364325,0.677467030469
PB2015.8879.5_22_34,0.234,0.0585,0.10132497224277932,0.75
PB2015.7055.2_25_37,0.0,0.0,0.0,NA
PB2015.4319.2_28_40,0.0,0.0,0.0,NA
PB2015.9555.2_64_76,0.193,0.08,0.083333666666,0.5515625
PB2015.4082.2_13_25,0.0,0.0,0.0,NA
PB2015.6040.2_22_34,0.0,0.0,0.0,NA
PB2015.2965.1_13_25,0.522,0.1305,0.2260326303877385,0.75
PB2015.2965.1_7_19,0.522,0.261,0.261,0.5
PB2015.6837.1_7_19,0.0,0.0,0.0,NA
PB2015.8879.1_46_58,0.0,0.0,0.0,NA
PB2015.6040.6_8_20,0.0,0.0,0.0,NA
PB2015.14801.1_78_90,0.0,0.0,0.0,NA
PB2015.14801.1_75_87,1.95533333333,0.4888333333325,0.8466841697651429,0.75
PB2015.860.2_31_43,0.0,0.0,0.0,NA
PB2015.5660.4_20_32,0.103666666667,0.02591666666675,0.04488898342963774,0.75
PB2015.15091.1_13_25,0.295333333333,0.07383333333325,0.12788308462535777,0.75
PB2015.8321.2_48_60,0.0766666666667,0.019166666666675,0.03319764047841792,0.75
PB2015.8879.5_19_31,0.234,0.0585,0.10132497224277932,0.75
PB2015.4644.2_465_477,0.787,0.41425,0.2960602768018702,0.398461074231
PB2015.40.8_13_25,0.0,0.0,0.0,NA
PB2015.13281.2_17_29,0.204666666667,0.053750000000075,0.08723384122908627,0.725968992248
PB2015.24.6_79_91,0.220666666667,0.10266666666675,0.0783932395045623,0.403003246754
PB2015.2653.10_77_89,0.0,0.0,0.0,NA
PB2015.9000.3_41_53,0.675666666667,0.2315,0.27605399029107774,0.614830813535
PB2015.15660.1_20_32,0.0,0.0,0.0,NA
PB2015.4048.1_106_118,0.200333333333,0.11724999999975,0.07421941008465233,0.341684434968
PB2015.6040.2_13_25,0.0,0.0,0.0,NA
PB2015.24.7_30_42,0.283333333333,0.12675,0.12849348772945243,0.529421433267
PB2015.6040.7_16_28,0.0,0.0,0.0,NA
PB2015.14714.1_79_91,0.0,0.0,0.0,NA
PB2015.16828.1_213_225,0.14,0.035,0.06062177826491071,0.75
PB2015.2662.3_12_24,0.0703333333333,0.017583333333325,0.030455226699738325,0.75
PB2015.8058.5_66_78,0.233666666667,0.08591666666675,0.09640204441136761,0.589961202716
PB2015.6213.1_38_50,0.0,0.0,0.0,NA
PB2015.1198.1_13_25,0.38,0.172999999999925,0.15190750109482282,0.482177263969
PB2015.10687.1_38_50,0.201333333333,0.05033333333325,0.08717989064748916,0.75
PB2015.13055.2_27_39,0.262333333333,0.07758333333325,0.108450545564799,0.672663802363
PB2015.10086.14_201_213,0.0626666666667,0.015666666666675,0.02713546265192684,0.75
PB2015.11211.2_32_44,0.199,0.04975,0.08616952767655164,0.75
PB2015.7324.1_192_204,0.12,0.03,0.05196152422706632,0.75
PB2015.13274.1_53_65,0.228,0.09525,0.08336611855077994,0.46741032371
PB2015.7783.1_24_36,0.233333333333,0.1326666666665,0.08734001246709736,0.361494974874
PB2015.16774.1_133_145,0.0246666666667,0.006166666666675,0.010680979980022511,0.75
PB2015.8058.2_71_83,0.093,0.02325,0.040270181275976404,0.75
PB2015.3529.1_17_29,0.269,0.06725,0.116480416809007,0.75
PB2015.3728.2_22_34,0.131,0.058583333333324994,0.04722839012006766,0.437766714083
PB2015.2166.3_53_65,0.537333333333,0.24458333333325,0.24694335551556057,0.52461669506
PB2015.7310.1_10_22,0.0,0.0,0.0,NA
PB2015.11127.3_173_185,0.031,0.00775,0.0134233937586588,0.75
PB2015.6040.2_16_28,0.0,0.0,0.0,NA
PB2015.8058.2_74_86,0.093,0.02325,0.040270181275976404,0.75
PB2015.11333.2_34_46,0.18,0.08866666666675,0.08868671452561351,0.503759398496
PB2015.7962.8_76_88,0.262,0.0655,0.11344932789576147,0.75
PB2015.16577.2_126_138,0.0,0.0,0.0,NA
PB2015.3894.1_82_94,0.192,0.096,0.096,0.5
