Ensembl_gene_symbol,uTIS_score
RNF14,0.884615384615
UBE2Q2,1.0
RNF10,1.0
RNF11,1.0
RNF13,0.780487804878
MZT2B,1.0
ATRX,0.423076923077
ASS1,1.0
ZNF708,0.614035087719
ZNF703,0.0
ZNF707,1.0
ZNF706,1.0
ZC3H10,1.0
RNF114,0.0
RNF115,1.0
ZC3H15,0.724489795918
ZC3H14,1.0
ZC3H18,1.0
DHX9,1.0
NSRP1,1.0
XPC,0.0
SP1,0.0354609929078
GRINA,0.0
SP3,0.0
NUP93,0.0
SPPL3,1.0
OPA1,1.0
NSL1,1.0
ATP2A2,0.388888888889
NOP2,0.762711864407
RIT1,0.815533980583
SWAP70,0.0
ZNF664-FAM101A,1.0
PHLDA2,0.0
FBXL12,0.428571428571
TIPRL,1.0
GHDC,0.0
ZFP161,1.0
GRN,0.0
HLCS,1.0
SMAD9,1.0
SMAD6,1.0
GOLPH3L,0.467741935484
SMAD2,1.0
SMAD3,0.0
MUS81,1.0
AMMECR1L,1.0
ABHD14B,0.594594594595
PLRG1,0.275
CKS1B,0.188679245283
ERICH1,0.0
C14orf119,0.0
DRAP1,0.0
TCEA1,0.637931034483
COX4I1,0.0
BFAR,1.0
CCDC117,0.305555555556
CCDC115,0.0
CCDC113,0.0
LEO1,0.0
ATP1A1,0.969758064516
MGRN1,0.0
SPHK2,1.0
IPO11,0.0
CUEDC2,0.0
IPO13,1.0
RBMXL1,1.0
SRBD1,0.0
ZNF780A,1.0
FRG1,1.0
IFT80,1.0
IFT81,1.0
IFT88,1.0
SP2,1.0
MCM10,1.0
ATG4C,1.0
ATG4B,0.0
ATG4A,1.0
PNP,0.176470588235
ATP6V0E1,0.5
AAAS,1.0
SIX5,1.0
SIX1,1.0
SIX3,0.0
CNPY3,1.0
CNPY2,0.661538461538
C3orf78,0.74
C4orf14,0.0
C3orf75,0.0
ZFP82,1.0
SYPL1,1.0
RFX5,1.0
APP,0.0
RFX3,1.0
ABCE1,1.0
UQCRC2,0.201342281879
XPNPEP3,0.0
SLC4A2,0.0
GGCX,1.0
PAPLN,0.0
ADNP,1.0
ZNF57,0.0
KHDRBS1,0.218
GGCT,0.31891025641
C11orf2,0.0
C11orf1,0.0
DPYSL5,0.0
DPYSL2,1.0
DPYSL3,0.30303030303
CKLF,0.415730337079
GJA1,1.0
ZNF117,1.0
KDM3A,1.0
NIF3L1,0.636363636364
APIP,0.0
EIF2B5,0.0
EIF2B2,0.111111111111
EIF2B3,0.80487804878
EIF2B1,0.0
TXNIP,1.0
MLF1,0.75
QPRT,0.0
IFT140,0.0
MLF2,0.0
TMEM14C,0.360655737705
TMEM14B,0.824
TMEM14A,0.671641791045
MECOM,1.0
C9orf123,0.0
PHACTR4,0.0
CLIC4,0.168831168831
NUP107,0.712871287129
KIAA0020,1.0
TMEM147,0.5
HNRNPAB,0.953681710214
TMEM141,0.0
API5,0.0573770491803
RTKN2,1.0
FAM32A,0.0
KIAA1191,1.0
VMP1,0.0
ZMAT3,1.0
ZMAT5,0.549295774648
SMOC1,1.0
MYBL2,1.0
ITGB1BP1,0.0
ZNF3,1.0
TIPIN,0.0
C11orf10,0.0
OGFR,0.0
CDC5L,0.604651162791
RAC1,0.752577319588
SBDS,0.323333333333
VCL,0.524590163934
LOC81691,0.0
VCP,1.0
AP2A1,0.15625
FIGNL1,0.0
PBX1,0.484848484848
NSUN2,1.0
NSUN5,0.0
TUBG1,0.0
TUBG2,1.0
TARS,0.482300884956
TUFM,0.0
FAM108B1,1.0
ERGIC2,0.688524590164
RRP7A,0.0
ERGIC1,0.0
B3GAT3,0.0
CPPED1,0.185185185185
UXT,0.833333333333
CALM2,0.0937219730942
CALM3,0.158273381295
SPG21,0.0
SPG20,0.759036144578
DLGAP5,0.162162162162
FBXL15,0.754716981132
MBNL2,1.0
MBNL3,1.0
PLK2,0.0
CLCN3,1.0
CLCN7,0.0
CLCN5,1.0
BRD8,0.0
BRD4,1.0
BRD1,0.0
BRD2,1.0
BRD3,0.636363636364
DNAJA2,1.0
SETD1A,0.0
DNAJA1,1.0
PTPN13,1.0
PTPN11,0.0
MYCBP,0.0
PTPN14,1.0
LYAR,1.0
MRPL24,0.562130177515
MRPL27,0.0
MRPL21,0.671232876712
MRPL20,0.0852713178295
MRPL23,0.0
MRPL22,0.5
MRPL28,0.0
NPTX2,1.0
C2orf89,0.0
NDRG1,0.0
NDRG2,1.0
NDRG3,0.170588235294
ZSCAN2,1.0
SRSF5,0.417067307692
SRSF4,0.0
SRSF7,0.821319018405
SRSF6,0.433734939759
SRSF1,1.0
SRSF3,0.66395494368
SRSF2,1.0
SRSF9,1.0
CDK2,1.0
DNAJB11,0.0993377483444
HLA-DQB1,0.0
DNAJB14,0.0
RNF138,0.647058823529
CISD1,0.257452574526
CLNS1A,0.724137931034
TSHZ1,1.0
NOSIP,1.0
ZNF580,0.0
TIPARP,1.0
ZNF587,1.0
CAMKK1,0.0
NPTXR,0.0
MYO1C,0.0
RPL36AL,0.565683646113
CHMP6,0.0
CHMP5,0.0
LGALSL,0.0
ZER1,1.0
FAM160B1,1.0
HIST2H2AA3,0.0
HIST2H2AA4,0.0
SRC,1.0
ZNF326,0.0583657587549
SRF,0.487179487179
ZNF320,0.0
ZNF322,1.0
SRI,0.0
LGALS3,0.0
LGALS1,0.0
AKIRIN2,1.0
AKIRIN1,1.0
EIF2AK1,0.0
EIF2AK2,0.843137254902
HN1,0.687707641196
MYO19,1.0
AVPI1,0.0
TRNT1,1.0
MYO10,0.0
OCRL,1.0
KIAA1524,0.0
LRRC28,0.803571428571
TIMM17B,0.0
TIMM17A,0.0
LPCAT3,0.0
MID1IP1,0.884615384615
PIGC,1.0
PIGF,1.0
PIGG,0.0
PIGH,0.0
PIGK,0.0
PIGM,0.5
PIGN,1.0
TMEM194A,0.0
ILKAP,0.589743589744
WRAP53,0.640625
PIGX,1.0
PIGY,0.5
RMND1,1.0
TAX1BP1,0.949275362319
TAX1BP3,0.0
CSNK1G3,1.0
SRRM1,0.0
BBIP1,0.671875
PDK3,1.0
EBP,0.652173913043
ROD1,1.0
SEC61A1,0.240625
TM2D2,0.75
ZFAND6,1.0
PUF60,0.0
SLC39A10,1.0
SLC39A14,0.0924369747899
EIF1AX,0.66862170088
EIF1AD,0.952309985097
ARHGAP21,1.0
TMEM85,0.390909090909
CHST12,1.0
DDIT3,1.0
DDIT4,0.611650485437
PMF1-BGLAP,0.0
ATG2A,0.0
PPPDE2,1.0
BMP7,1.0
DR1,1.0
RLIM,0.899713467049
FEM1C,0.0
DNAJC18,0.0
NDUFAF1,1.0
RASSF8,1.0
PTOV1,1.0
NDUFAF2,0.0
RASSF4,1.0
NHP2,0.0425806451613
LPPR2,1.0
ATP5C1,0.0
CHD2,1.0
ZNF160,1.0
CHD8,1.0
CAP2,0.454545454545
NPC2,0.0
TTC4,0.0
TTC1,0.0
TTC3,0.0
RAB3GAP1,0.0
TTC8,0.0
DAG1,1.0
EFHC1,0.0
CAPG,0.0
TPRKB,0.0
ETHE1,0.0
MPG,0.0
PLSCR3,0.0
PLSCR1,0.0
POLRMT,0.0
RER1,0.238095238095
KDM1A,1.0
KDM1B,0.0
QRSL1,1.0
BTG3,0.677966101695
BTG2,0.615384615385
AKR1B15,0.0
C4orf34,0.0
HELLS,0.316666666667
FAM49B,0.448275862069
ZFP36L1,0.0
ZFP36L2,0.853211009174
ADH5,0.0
PKD2,1.0
C4orf3,0.491228070175
ZNF138,0.522388059701
DEK,0.57824933687
C14orf118,0.0
PRKACB,1.0
PSMB7,1.0
PSMB6,0.0
PSMB5,0.0
PSMB4,0.0
PSMB3,0.370503597122
PSMB2,0.138181818182
PSMB1,0.212624584718
LMBR1L,1.0
HDHD3,1.0
SPG7,0.0
C20orf72,1.0
CORO7,0.0
CRY1,1.0
MLH1,0.625
C9orf140,1.0
C9orf142,0.0
SULT1A4,1.0
NACC2,0.0
NACC1,0.0
SH3KBP1,1.0
BEX4,1.0
BEX2,1.0
CRYZ,0.844660194175
SCAF11,1.0
NUP160,0.0
TMEM164,1.0
NICN1,0.0
PMVK,1.0
LMNA,0.852201257862
KLHDC8B,1.0
PRKAR1A,1.0
IFFO1,0.0
IL6ST,1.0
NOL7,0.0
ACTG1,0.729159460394
OGDH,0.35
CDC73,1.0
C11orf31,1.0
C11orf30,0.0
LMBRD2,1.0
SRFBP1,0.0
BCAT2,0.0
BCAT1,0.369565217391
MACROD1,0.333333333333
GTF2F1,1.0
AKAP1,0.0
GTF2F2,1.0
EIF2D,0.0
AKAP8,0.0
EIF2A,0.0
PHPT1,0.0
SPATA13,1.0
NFU1,1.0
HSP90B1,1.0
KRR1,0.0
FAM64A,1.0
TMEM132A,0.0
CETN3,1.0
CETN2,0.0
H3F3C,0.0
H3F3B,0.293678665496
H3F3A,0.275229357798
MAU2,0.0
UCK2,0.657142857143
PHRF1,0.309090909091
C8orf41,0.0
CUX1,0.0
BRF2,0.0
DNAJC8,0.0
DNAJC9,0.0
DNAJC5,0.132075471698
DNAJC2,0.8375
RRP12,0.506172839506
GOSR1,0.5
RALBP1,1.0
RAP1B,0.35632183908
RAP1A,0.223300970874
ZNF410,0.906542056075
PHAX,1.0
MTCP1NB,0.388888888889
ACAT1,0.0
ACAT2,0.0
LIMD2,0.0
MECP2,0.5
TBPL1,0.0
NADSYN1,0.0
ZFYVE21,0.0
ZFYVE20,1.0
SLC17A5,0.0
UBFD1,0.0
C16orf58,0.0
C16orf53,1.0
CDK5RAP1,1.0
ITCH,1.0
ERC1,1.0
CHMP4B,0.0
CHMP4C,0.0
BAD,0.0
PRKCDBP,0.0
SLC37A3,1.0
TOB1,0.802752293578
PMPCB,1.0
TOB2,1.0
CDK12,0.816901408451
CDK16,1.0
SULF2,1.0
ST7,0.0
ATP6V1B2,0.0
AASDH,0.0
SEC61G,0.189956331878
SEC61B,0.0
MTERFD2,0.0
TFG,0.409090909091
RND3,0.365384615385
NCL,0.518184644078
CTNNBIP1,1.0
PPP3CA,1.0
SESTD1,1.0
RPL12,0.251200768492
LRRC40,0.0
LRRC42,0.181818181818
LRRC45,1.0
KIAA1797,0.0
B3GNT5,1.0
B3GNT1,0.0
TSFM,0.0
GPATCH3,1.0
PWWP2A,0.0
HLA-DRB1,0.0
GUK1,1.0
YIF1A,0.0879478827362
WRAP73,0.0
FN1,1.0
TIAL1,1.0
OBFC2B,0.347826086957
TASP1,1.0
FUBP3,0.0
ATP5L,0.0162866449511
CEP104,1.0
SAP30,0.766990291262
TCP11L1,0.592592592593
TCP11L2,0.314285714286
CNTROB,1.0
GNAI1,0.0
MANSC1,0.0
C1orf55,0.0
C1orf54,0.0
ATP6V0A1,0.4
SMCR7L,1.0
TBC1D5,1.0
SMPD2,0.0
BRIP1,0.516666666667
ATP5A1,0.0
AAMP,0.455882352941
TTC26,0.0
TTC27,1.0
PATL1,0.0
CARS,0.0
U2SURP,0.0
ENO1,0.35914405471
ENO2,0.0
NPAT,0.0
TAOK2,1.0
LLGL2,0.0
ACOX3,0.0
ACOX1,0.5
NSMCE1,0.0
NSMCE2,0.223684210526
PTK2,0.0
RABGAP1,0.565217391304
ITGB3BP,0.471698113208
DAGLB,0.74358974359
POMP,0.0
SORBS3,1.0
ODC1,1.0
ATG16L1,1.0
NIPAL3,1.0
C4orf52,0.754098360656
C3orf37,0.0
ARHGDIA,0.0299277605779
NANS,0.0
ENDOG,1.0
AP2S1,0.169284467714
HBA1,0.0
UCP2,0.721804511278
HBA2,0.0
BDH2,0.634615384615
DDX23,1.0
DDX21,0.0
DDX24,1.0
DDX28,0.0
ZNF90,1.0
ZNF92,0.851162790698
ZNF93,1.0
ZNF98,1.0
SAC3D1,1.0
FBXO18,0.0
FKBP15,0.0
UBE2J1,1.0
FKBP10,0.0
RAB3IP,1.0
FAM3A,0.685714285714
FBXO11,0.0
TACO1,1.0
NACA2,0.0
PARD6G,0.0
TRUB1,1.0
PARD6B,0.0
MARCKS,0.790697674419
CCDC76,0.0
CCDC77,0.72
ATPAF1,0.0
SHC1,1.0
PEX26,0.0
CGRRF1,0.0
TMEM109,0.334190231362
HIST3H2BB,0.0
TMEM100,1.0
GHITM,0.359430604982
SPEN,0.0
FKBP1B,0.0
FKBP1A,1.0
STOML2,1.0
FBLIM1,0.615384615385
TIMM8A,0.0
AHNAK,0.0
UNC50,0.0
PDCL3,0.138686131387
CCM2,1.0
IMMP1L,1.0
SPICE1,1.0
FRMD6,1.0
GNAS,1.0
PTCD3,0.0
DSCR3,0.0
PTCD1,0.0
GNAL,1.0
HLTF,1.0
ZHX1-C8ORF76,1.0
DPF2,0.0
ASNA1,0.0
RPL18A,0.0
KRT8,0.246305418719
VPS45,0.0
RRNAD1,1.0
BCAP29,0.0
NMNAT1,1.0
FOXG1,1.0
PPCDC,0.0
EPB41L3,0.0
EPB41L2,0.199395770393
EPB41L5,0.0
ACSS2,1.0
KIDINS220,1.0
PLEKHM1,0.0
VPS4A,1.0
VPS4B,0.602040816327
GMEB2,1.0
FAM72D,1.0
FAM72B,1.0
FAM72A,1.0
DFNA5,0.0
MAGEH1,0.583333333333
DCAF12,1.0
PPP1R15A,1.0
PPP1R15B,1.0
BLMH,0.789156626506
ROGDI,1.0
HIST2H2BF,1.0
HIST2H2BE,0.0
ZNF813,0.0
SPTBN2,0.0
SPTBN1,0.28813559322
ARPC4-TTLL3,0.0390625
KLF10,0.0578231292517
RNF170,1.0
TFAP2C,1.0
GBE1,0.0
PCNA,0.683127572016
ZBTB7A,0.0
MSI2,1.0
PCNT,1.0
SAMHD1,0.0
RPA1,0.0
RPA3,0.0192307692308
C1D,1.0
NDUFS1,0.762820512821
NDUFS2,0.0
NDUFS5,0.65243902439
NDUFS6,0.0
ISY1-RAB43,0.296296296296
COQ4,0.528846153846
UFD1L,0.587064676617
ILF3,0.790490341753
ILF2,0.0
ZRANB2,0.0
CHMP2B,0.369565217391
CHMP2A,0.208443271768
TPX2,0.972222222222
PPT1,0.0
RABAC1,0.0
WHSC1L1,1.0
MICAL2,1.0
PHC1,0.203389830508
GPR107,0.298850574713
SAFB,0.838383838384
ZNF367,1.0
TRNP1,1.0
H2AFV,0.0
H2AFX,0.160204516404
H2AFY,1.0
H2AFZ,0.408238884045
RNF8,1.0
RNF6,0.772727272727
RNF7,1.0
RNF4,0.720338983051
RNF5,0.721590909091
RNF2,0.0
H2AFJ,0.0
NCAPG2,0.781420765027
CLTA,0.107462686567
CLTC,1.0
CLTB,0.0
LRRC61,0.90756302521
C7orf36,0.0
NMD3,0.0
C7orf31,1.0
ISCA1,1.0
ISCA2,0.0
FAM118A,1.0
FAM118B,1.0
RECQL,0.777419354839
BAIAP2,0.539215686275
UQCRC1,0.0
ACTR3,0.91935483871
ACTR2,1.0
CLUAP1,0.0
GPANK1,1.0
WBSCR22,0.0
MTG1,0.0
GNL3L,0.52886405959
POLDIP3,1.0
ALDH18A1,1.0
TGS1,1.0
NGFRAP1,0.943586698337
ANKS1A,1.0
PPOX,1.0
GLB1,0.0
ADAM17,0.0
CPNE3,0.612676056338
CPNE1,0.854368932039
HS3ST3A1,1.0
DNMT3A,1.0
AAK1,0.565217391304
GDE1,0.647058823529
SNRPB,0.333333333333
SNRPC,0.0947712418301
SNRPA,0.702166064982
SNRPF,0.298034934498
SNRPG,0.342541436464
SNRPE,0.0
ZDHHC16,0.75
PRKAG1,0.0
PRKAG2,1.0
ZDHHC18,0.0
DUSP22,1.0
LEMD3,0.0
NAPG,1.0
NAPA,0.173076923077
C3orf14,0.80303030303
YAF2,0.655172413793
LARP4,0.0802139037433
LARP6,0.0
LARP7,1.0
ZNF174,1.0
TMEM45A,1.0
DDX42,0.0
PTER,1.0
DDX47,0.0
DDX46,0.659090909091
PTEN,0.775862068966
PLTP,0.0
EIF5A2,1.0
LGR4,1.0
ELAVL1,0.0
CDKN1C,0.0
CDKN1B,1.0
CDKN1A,0.474820143885
UBE2D2,0.913265306122
UBE2D3,0.797227036395
UBE2D1,1.0
MLL3,1.0
MLL5,1.0
APOE,0.0
APOO,0.418032786885
FAM104B,1.0
NFIL3,1.0
NUDT2,0.0
CCDC50,1.0
CCDC51,0.0
TMEM127,1.0
FOXJ3,0.0
TMEM123,0.218181818182
CCDC59,0.0
STX16,0.0
STX18,0.0
NUFIP2,0.0833333333333
PREPL,1.0
SLC35B1,0.0
SLC35B2,0.0
SLC35B4,1.0
FBXO33,0.0
CNRIP1,1.0
GNS,0.24609375
MBOAT1,1.0
MBOAT7,0.891304347826
SPSB3,0.0
HINT1,0.0179841070682
HINT2,0.0
HINT3,1.0
UFM1,0.170212765957
CDC37,1.0
ALAS1,0.438596491228
PTTG1,0.0
LONRF2,1.0
EIF5,0.894190871369
CDCA7L,0.63829787234
APBA3,1.0
PGLS,0.0
MORC4,0.511111111111
ANKRD17,0.0
WDR3,0.0714285714286
RB1CC1,1.0
CCNA2,0.559440559441
VPS24,0.5
VPS25,0.0
ATP13A1,0.0
VPS28,0.0
VPS29,0.0
FAM60A,1.0
SKA1,1.0
SKA3,0.0
SKA2,1.0
PRKRA,0.0
LGALS3BP,0.908296943231
E2F3,1.0
E2F2,0.0
E2F1,1.0
C6orf89,0.0
E2F8,1.0
ACBD6,0.394230769231
ACBD5,0.0
PPP1R13L,1.0
EEF2,0.0419799498747
ZDBF2,0.0
TUSC2,1.0
C2orf28,1.0
PYCR2,0.796178343949
PYCR1,0.0
GNG10,0.0
GNG12,0.66265060241
URB2,0.464566929134
IFITM3,0.0
IFITM2,0.0
IFITM1,1.0
ADPGK,0.0
DFFA,0.0
DFFB,0.0
REV3L,0.0
SEC24A,1.0
SEC24C,0.548571428571
MRPL43,0.0
MRPL42,0.637931034483
MRPL41,1.0
MRPL40,0.0
MRPL47,1.0
C16orf93,1.0
MRPL45,0.0
MRPL44,0.0
TRIP6,0.603174603175
MRPL49,0.0
MRPL48,0.303703703704
POM121C,1.0
ZNF695,0.0
ZNF696,0.0
C16orf5,0.689156626506
ARFGAP2,0.0
ARFGAP3,0.0
ARFGAP1,0.0
ATP7A,1.0
COPZ1,0.0
NEK7,0.0
NEK4,1.0
RUVBL1,0.620192307692
NEK3,0.657142857143
NEK1,1.0
U2AF1,1.0
U2AF2,0.440677966102
MPHOSPH6,0.0
GPR160,1.0
DHPS,0.186666666667
ZZZ3,1.0
ASTN2,1.0
CCDC8,1.0
MTHFD2,0.0
MTHFD1,0.740740740741
TBP,0.927152317881
NSD1,1.0
NUDCD3,0.0
NUDCD1,1.0
ADSS,0.151832460733
IFI27L2,0.0
EID2B,0.0
GMNN,0.757303370787
SAMD4B,1.0
AS3MT,1.0
C7orf11,0.456140350877
TIMMDC1,1.0
SLX4,1.0
GAS2L3,0.46875
AZI2,1.0
ZNF434,1.0
ZNF436,1.0
ZNF431,1.0
ZNF430,0.627450980392
RALGDS,0.0
NUDT13,0.0
NUDT10,0.0
NUDT11,0.0
ZW10,0.0
IFI6,1.0
STX3,0.0
RSRC2,1.0
STX5,0.573643410853
STX4,1.0
STX7,0.0869565217391
RPS3A,0.0
LAGE3,1.0
KIAA0232,1.0
TRMT2A,1.0
ECE2,0.0
TRMT2B,1.0
IMPACT,0.0
DRG2,0.0
DRG1,0.37037037037
CLIC1,0.590579710145
AURKA,1.0
AP1B1,0.818181818182
CDC42EP3,1.0
CDC42EP1,1.0
TXLNA,1.0
CDC42EP4,0.504132231405
A4GALT,1.0
TBKBP1,0.0
ABI2,1.0
ABI1,0.68085106383
ACADVL,0.0
CAV2,0.0
KIF2C,1.0
CAV1,0.0
ATP6AP2,0.333333333333
ENSA,0.970944309927
CLINT1,0.5
BRCA1,0.5
BRCA2,1.0
ACOT8,0.189473684211
ACOT9,1.0
RBBP9,0.0
RBBP8,0.449438202247
RBBP7,0.305555555556
RBBP6,1.0
RBBP5,0.241379310345
RBBP4,1.0
SARNP,0.0
NUCKS1,0.960573476703
PDLIM4,0.0
IRGQ,0.622222222222
SKAP2,0.170731707317
PTPLAD1,0.70987654321
C12orf5,0.0
XRCC1,0.0
XRCC3,1.0
XRCC5,1.0
PITPNB,0.0
TCP1,0.627441860465
NARS,0.810924369748
NARF,0.528735632184
GSPT2,0.0
GSPT1,0.921161825726
RALGPS2,1.0
MIER1,0.0
RSL1D1,0.0
PAPD4,1.0
PAPD5,0.0
LMNB2,0.0
LMNB1,1.0
MRPS28,0.0
MRPS26,0.0
MRPS27,1.0
MRPS24,0.0
MRPS25,0.0
MRPS23,0.0
MRPS21,0.123791102515
CTSL1,0.69696969697
CTSL2,0.0
PPP2R5D,0.0
PPP2R5E,0.625
RAP1GDS1,0.0
PPP2R5C,1.0
LCMT1,0.78431372549
H2AFY2,0.473684210526
NAMPT,1.0
JMJD6,1.0
ZHX1,1.0
FTL,0.567934782609
ACACA,1.0
SLFN11,0.893072289157
APPL2,1.0
MEMO1,0.0
ERLIN2,0.0
COX7B,0.317724867725
COX7C,0.168517308948
SARS2,0.0
NECAP1,0.0
HYI,1.0
NR1D2,1.0
THUMPD1,0.0
THUMPD3,1.0
CHORDC1,0.209439528024
UVRAG,1.0
MLLT3,1.0
SYNJ2,1.0
ZNHIT3,0.0
ZNHIT1,0.0
ZNHIT6,1.0
GTPBP4,0.0
GTPBP1,0.0
GTPBP3,0.0
BPNT1,0.675675675676
BCL9,1.0
EPM2AIP1,0.0
CRIP2,0.0
PLK1,0.0
CDX2,0.647058823529
PLK4,1.0
LYRM2,0.0
LYRM1,0.481481481481
LYRM7,0.0
LYRM5,1.0
LYRM4,1.0
KIAA0391,0.0
TTYH3,1.0
MTM1,0.0
PLEKHB1,1.0
CSNK1G2,1.0
SERPINB8,0.0
SERPINB1,0.0
SERPINB6,0.0
PCGF1,0.0
PCGF2,1.0
MAGED1,0.441532258065
MAGED2,0.41914893617
NFS1,0.0
ROBO1,1.0
ELP4,0.0
ELP3,0.205882352941
SPRYD3,0.0
SPRYD7,0.0
KLHDC2,1.0
KLHDC3,0.904545454545
UBAP1,1.0
ASXL1,1.0
RNASET2,1.0
HDDC2,0.0
TMEM9B,1.0
ZBTB33,0.0
DONSON,0.0
ZBTB34,0.0
ZBTB37,1.0
SMC1A,0.0
TMEM98,0.392857142857
TMEM99,1.0
MDK,0.0558375634518
SGTB,0.0
TMEM97,0.0544554455446
SGTA,0.0
KIAA0895,1.0
PEX3,0.610526315789
PEX5,0.0
PEX6,0.0
ATP5J,0.948453608247
ATP5I,0.0192475940507
ATP5H,0.0
ATP5O,0.0
ME2,0.0
ATP5B,0.0
GNAI3,0.876404494382
ATP5E,1.0
ATP5D,0.0
TBK1,1.0
MPZL1,1.0
AURKAIP1,1.0
HLA-C,0.0
ZWINT,0.0
CITED2,0.961538461538
PFDN1,0.0
PFDN2,0.0
PFDN5,0.0
PFDN4,0.224489795918
PFDN6,0.9039408867
MTHFR,0.0
MTHFS,0.0
TM9SF2,0.0535714285714
DTNB,0.0
DTNA,1.0
WWOX,0.0
TOMM20,0.408653846154
RPS13,0.0
RPS12,0.817359855335
RPS11,0.0311418685121
RPS10,0.530534351145
RPS17,0.0
RPS16,0.0
RPS15,0.0
RPS14,0.799185888738
RPS19,0.0
RPS18,0.0
DDOST,0.0
PDCL,0.0
CLPB,0.0
CRABP1,0.0
CRABP2,0.775641025641
C7orf73,0.0
SLC9A3R1,1.0
ZNF417,1.0
ZNF414,1.0
TSSC1,0.0
RRAGA,1.0
RRAGC,0.0
RRAGB,1.0
SSSCA1,0.0
GPRC5A,0.312977099237
HM13,0.816326530612
CCDC144NL,0.0
ACTN1,0.529411764706
PTPRS,1.0
ACTN4,0.0747126436782
CLP1,0.460526315789
EZR,0.657142857143
PTPRG,1.0
PTPRA,1.0
STYXL1,1.0
PTPRK,0.0
IFT27,0.178217821782
IFT20,1.0
CPM,0.0
CPE,1.0
GAPVD1,1.0
ABLIM1,1.0
C13orf27,0.366197183099
HMGN5,0.0
HMGN4,0.135802469136
HMGN3,0.23602484472
HMGN2,0.323362974939
HMGN1,0.4375
ATP6V1E1,0.224525043178
RAB6A,0.878923766816
RC3H2,1.0
CRIPT,0.325
IFIT5,0.0
SDAD1,0.0
EFTUD2,0.0
EFTUD1,0.0
ATAD3B,0.0
MAP1LC3B,0.0
GDI2,0.603092783505
GDI1,0.0
ARL5A,1.0
CBY1,0.553571428571
ARL5B,0.0
ERLIN1,0.0
TFAP4,0.617021276596
CALM1,0.355042016807
PSAP,0.0
KRT17,0.0
WDR33,0.444444444444
GABRE,0.0
EIF4A3,1.0
EIF4A2,0.0
GIGYF2,0.746666666667
TLE3,1.0
TLE1,1.0
NBPF3,0.6
TLE4,1.0
NUDT16L1,0.0
PLP2,0.393700787402
CDC6,0.600628930818
CDC7,0.0
CRYZL1,0.0
SERF2,0.0522088353414
TM9SF4,0.0
TM9SF1,0.0
TFPI,1.0
C10orf10,1.0
NAT9,0.0
SPATS2L,0.671875
C10orf18,1.0
NAT6,1.0
MBNL1,1.0
MEPCE,0.536585365854
CCBL1,0.0
CCBL2,0.761904761905
COX5A,0.0
COX5B,0.0
CPSF7,0.362068965517
CPSF6,0.0
CPSF4,0.5
CPSF3,0.0
CPSF2,1.0
MAD1L1,0.537313432836
ACAA2,1.0
ACAA1,1.0
MUM1L1,1.0
FAM100A,1.0
SIPA1L3,1.0
ARIH2,1.0
ARIH1,1.0
SUFU,1.0
CRAT,1.0
SLC35F2,0.0
MBD6,1.0
MBD3,0.0
SUPV3L1,0.0
FAM126A,1.0
FAM126B,1.0
TRMT112,0.0
TSPAN13,0.594594594595
TSPAN14,0.0
REXO1,0.0
REXO4,1.0
SLC25A19,1.0
SLC25A17,1.0
SLC25A16,1.0
SLC25A15,0.0
SLC25A12,0.0
SLC25A11,0.0
CCDC14,0.0
EAF2,0.0
NDUFA10,0.0
FOXF1,0.0
NDUFA13,0.0
TMUB1,0.0
TMUB2,0.507042253521
SYNCRIP,0.664102564103
ZNF280B,1.0
VIM,0.369900271985
GNG5,0.0
ZNF641,0.0
FUS,0.0154185022026
ALG3,0.0
FUZ,1.0
ALG5,0.0
SMARCE1,0.432071269488
COX6B1,0.696666666667
RNGTT,1.0
STAM,0.339285714286
CCNE2,0.0
RAB11A,0.5
FIG4,1.0
RAB11B,0.0
GCC2,0.0
GCC1,1.0
MIS18BP1,1.0
SMYD4,0.0
RTN3,0.966101694915
MRFAP1,1.0
IRF3,1.0
C6orf48,1.0
IRF7,1.0
C6orf47,1.0
CLK1,0.776119402985
CLK2,1.0
SNX27,0.0
RUNDC1,0.0
PANX1,1.0
FECH,0.0
ZBTB11,1.0
ZBTB10,1.0
SEH1L,0.0
C1orf159,1.0
MTO1,0.333333333333
DDX19A,0.0
DDX19B,0.80701754386
C1orf151,0.0
LYSMD3,1.0
KLHL12,1.0
KLHL15,0.463768115942
MTOR,0.25
UNG,0.0
NRF1,0.0
FAM192A,0.585714285714
SERTAD1,1.0
SERTAD2,1.0
SERTAD4,0.0
ELL,0.0
ARAP1,1.0
BID,0.62962962963
PYGO2,1.0
RAB12,1.0
CYBA,0.0
CDC123,0.0
CTNS,0.0
PPM1B,0.0
PPM1A,1.0
AZIN1,0.921535893155
NOTCH2,0.777777777778
ZNF658,0.0
ZNF655,0.5
TCTEX1D2,0.164556962025
HSF1,0.0
HSF2,0.0
NISCH,0.0
PRPF4B,0.0
RAPGEF4,1.0
RAPGEF6,1.0
N4BP2L2,1.0
C7orf50,0.0
C7orf59,0.0
ZNF384,0.826666666667
ZNF354A,1.0
PARK7,0.0821596244131
DMTF1,1.0
MDM2,1.0
MDM4,0.416666666667
SNRPD3,0.383584589615
SNRPD2,0.695035460993
SNRPD1,0.628865979381
GRK6,0.0
SLTM,0.0
KPNA6,0.598214285714
KPNA5,1.0
KPNA4,1.0
KPNA3,1.0
KPNA2,1.0
KPNA1,0.619402985075
IFT43,0.0
DVL2,0.829268292683
IFT46,1.0
FRS2,1.0
GOLT1B,0.117924528302
CRK,0.65625
QPCT,1.0
RTN4IP1,1.0
B4GALT3,1.0
B4GALT4,1.0
ROMO1,0.488636363636
SGOL1,1.0
TRRAP,1.0
GPR89B,0.0
GPR89A,0.5
MAP1LC3B2,0.0
LGMN,0.716981132075
TNFRSF1A,1.0
FAM174A,1.0
TMLHE,1.0
C6orf211,0.0
DOHH,0.0
EGLN1,1.0
ADIPOR2,0.785714285714
ADIPOR1,0.478260869565
HPRT1,0.782608695652
MARK1,1.0
MARK3,1.0
PTPN4,1.0
S100A4,0.0
NDUFA11,0.0986394557823
IGBP1,0.0
CD63,0.0
TPD52L2,1.0
TPD52L1,0.0
EFCAB11,0.0
ISOC2,0.0
WDR13,1.0
WDR12,1.0
SRP68,0.0
METTL7B,0.0
WDR19,0.0
PPP2R1A,0.457142857143
PPP2R1B,0.0
FAM204A,0.414634146341
TIMM9,0.857142857143
C1orf216,1.0
USP9X,1.0
WASL,0.651162790698
ZMYND19,0.0
CGGBP1,0.907643312102
C10orf35,0.685185185185
HSPB1,0.0620067643743
PKN3,1.0
PKN2,1.0
HSPB8,1.0
C12orf73,1.0
IMPDH1,0.758064516129
INO80B,0.0
INO80C,0.0
DIS3L2,0.0
KIAA0913,1.0
UTP14A,0.14606741573
TEX261,0.0
PBXIP1,0.0
LIG4,1.0
CSNK1D,0.847222222222
CSNK1E,0.0
LIG1,0.233333333333
LIG3,0.613636363636
APEH,0.0
IREB2,0.470588235294
RNMTL1,0.0
FNTB,0.0
KCTD12,1.0
CRCP,0.47005988024
ZKSCAN1,1.0
SLC25A30,1.0
SLC25A32,1.0
PBK,0.529585798817
SLC25A39,0.0
SLC25A38,0.0
TUBA1C,0.511865793781
TUBA1B,0.319014835644
TUBA1A,0.272566371681
IGSF11,1.0
TMEM188,0.0
C7orf55,0.0
RIMKLB,0.0
TAF7,1.0
ZNF324B,0.0
MMAB,0.0
TAF2,1.0
TAF1,0.0
PGBD1,0.877777777778
HMOX1,0.0
TAF9,0.828193832599
HMOX2,1.0
TSPAN31,0.733333333333
ELMO2,0.452380952381
POMT1,1.0
AGPS,0.0
FOSB,1.0
CCNG1,0.773148148148
CNO,0.0
NPLOC4,0.0
SSBP2,1.0
AKAP8L,0.31914893617
SSBP4,0.5
AP2M1,1.0
PDCD6,0.0965517241379
PDCD7,0.0
PDCD4,0.80487804878
PDCD5,0.0
PRUNE,1.0
ALG6,1.0
HDLBP,0.551063829787
ERP44,1.0
ARFGEF2,1.0
VPS26A,0.0
SMU1,0.0
OXCT1,1.0
TMEM22,0.0
ZNF324,0.0
SSRP1,0.665471923536
IRAK1BP1,1.0
TAF6L,0.0
TATDN1,0.5
DAK,0.0
C1orf174,0.0
DAP,1.0
GLE1,0.135802469136
MTA2,0.0
LRP10,1.0
LRP11,1.0
GPC3,1.0
MPHOSPH10,0.141414141414
MTAP,0.22972972973
SEC22C,1.0
SEC22A,0.0
BBS5,0.0
BBS7,0.666666666667
C2orf47,0.0
C2orf43,0.0
AGK,0.0
NIPA2,0.853658536585
PDCD10,0.835820895522
ATPIF1,0.0
SLC50A1,0.5
PIK3CA,0.0
PPP4C,0.0
PRNP,0.0
ZSWIM1,1.0
TMEM59,0.0
TMEM56,1.0
FAM59B,1.0
POLR3GL,1.0
ZNF677,0.0
ZNF676,1.0
ZNF675,1.0
ZNF673,0.697916666667
SNN,0.0
MAX,1.0
MAZ,0.0
ERI2,0.0
ERI3,1.0
PARP11,0.289473684211
ACLY,0.0939597315436
ALDH3A2,1.0
MGST2,0.777027027027
EDC3,0.0
MGST1,0.5
CSDE1,0.956834532374
BACH1,1.0
JAM3,0.0
PAM16,0.0
LSR,1.0
WSB1,1.0
RASEF,1.0
AGPAT3,1.0
WAPAL,1.0
LIN28B,1.0
RBM12B,0.0
ANAPC5,0.19298245614
ANAPC4,0.0
SNRPB2,0.78801843318
PSMD14,0.91320754717
PSMD11,0.0
PSMD10,0.0
PSMD13,0.285714285714
PSMD12,1.0
UTP23,0.582417582418
MINPP1,0.0
GANAB,0.0
VAPB,1.0
VAPA,0.446808510638
CTH,0.451612903226
EXOSC10,0.0
ARF3,0.710727969349
ARF1,0.479365079365
ARF6,0.376811594203
ARF4,0.526315789474
RGPD6,1.0
RGPD5,1.0
RGPD8,1.0
PQLC2,0.294117647059
RAB11FIP2,1.0
RAB11FIP1,0.0
METTL23,1.0
MYL6B,0.0
ACTR10,0.0847457627119
HMGB3,0.0194931773879
EEF1A1,0.0
EEF1A2,0.0
RAB2A,1.0
ARL15,1.0
FRRS1,1.0
GCHFR,0.0
WDR45L,1.0
KIF4B,0.0
KIF4A,0.0
CLIP1,0.0
DHRS7B,0.0
CDC37L1,1.0
MND1,0.0
CD44,0.368421052632
CD46,1.0
FPGS,1.0
RAB21,1.0
RAB23,1.0
RAB24,1.0
RAB28,1.0
CALR,0.0
CALU,0.0
FAR1,0.509803921569
ACTR1A,0.0
FAR2,0.0
WDR73,0.0
WDR74,0.0
WDR77,0.0
WDR76,0.5
PPP2R3C,1.0
NQO2,1.0
CDO1,1.0
NQO1,0.0
PRPF8,1.0
PRPF3,1.0
PRPF4,0.0
PRPF6,1.0
PCF11,1.0
C5orf44,0.0
C5orf45,0.0
ZFP64,0.518518518519
C5orf42,1.0
C5orf43,0.871921182266
ARRDC1,0.0
FAM120AOS,1.0
RABGAP1L,0.0
ELK3,1.0
ELK1,0.0
PAK4,1.0
PAK1,0.6
PAK2,0.0
SH3BP1,0.0
FAM122B,1.0
FAM122C,1.0
NSDHL,1.0
NUBPL,0.0
CEP97,0.0
SUB1,0.0793296089385
RPRM,0.0
KRT18,0.0
C10orf58,0.0
TNS3,1.0
RHBDD2,0.5
ARGLU1,1.0
PIGP,0.5
ZNF775,1.0
CEP78,1.0
PFN1,1.0
PFN2,0.0
NUBP1,0.0
CREM,1.0
COX10,0.0
TMEM219,0.0
TRIM5,0.5
COX15,0.0
COX16,0.89138576779
COX17,0.301204819277
TSN,0.527777777778
ANKRD13C,1.0
PDGFRL,0.0
FBXW11,1.0
PPA2,0.0
PPA1,0.0
CYB5D1,1.0
NUP62,0.954751131222
RAB18,0.0
ALCAM,0.733333333333
TPM4,0.0
TPM3,0.411290322581
ETF1,0.666666666667
FBXW5,0.851851851852
ETFA,0.0
ETFB,0.0
SH3RF1,1.0
SMNDC1,0.715719063545
TPMT,0.0
SSX2IP,0.0
YKT6,0.915129151292
PCIF1,0.0
TJP1,0.0
PPAN,1.0
BABAM1,0.89696969697
GKAP1,1.0
DCXR,0.0
CHPF2,1.0
LYSMD1,1.0
NFYC,0.223880597015
NFYB,1.0
CLGN,0.622222222222
RABL5,1.0
SMARCA4,0.148648648649
RABL3,0.0
PACRGL,0.0
FYN,1.0
CCT6A,0.175324675325
NAGLU,0.0
CCT6B,0.0
RUFY1,1.0
RUFY3,1.0
RUFY2,0.0
OSTC,0.0
NLE1,0.5
OLA1,0.251968503937
SKIL,1.0
CYTH3,0.0
DPH2,0.461538461538
DPH3,1.0
DPH5,0.657407407407
WIBG,0.0
CANT1,0.980732177264
CKB,0.0
GPAM,0.0
DCK,0.685393258427
PERP,0.12
CUL5,0.5625
CUL7,0.0
CUL1,1.0
C20orf177,1.0
CUL3,0.641975308642
TRIM28,0.980994152047
TRIM26,0.643312101911
CDH23,1.0
CREB3,0.0
TRIM21,0.0
CREB1,1.0
TRIM23,0.0
PER1,1.0
PNKD,0.0
GNPAT,0.0
ZNF510,1.0
OGFRL1,0.0
VTA1,0.0
ZFAND5,0.679487179487
ARCN1,0.113871635611
KAT7,1.0
F2R,1.0
NKAP,1.0
PPDPF,0.685714285714
PNRC1,0.855457227139
PNRC2,1.0
GBA,1.0
MMGT1,0.576388888889
DNAJC24,1.0
GAPDH,0.227051177904
DNAJC21,0.404255319149
ARHGAP1,0.0
PPP6C,0.0
TMEM70,0.374100719424
HSPA4L,0.69696969697
MRPL4,0.401639344262
MRPL2,0.0
MRPL3,0.481481481481
MRPL9,0.0
ZNF611,1.0
ZNF614,1.0
ZNF616,0.430769230769
SLC3A2,0.24145785877
EIF4EBP1,0.0
EIF4EBP2,0.166134185304
BAG2,0.774193548387
BAG3,1.0
BAG1,0.5
BAG6,1.0
BAG4,0.0
YBEY,0.765957446809
RTKN,0.0
ZNF385A,0.0
GMFB,0.302325581395
UTP11L,0.513513513514
CPSF3L,0.0
PDHA1,0.34649122807
COL4A3BP,1.0
ATXN10,0.668965517241
FSCN1,0.0
MYL12B,0.147882736156
MYL12A,0.565008025682
G2E3,0.779661016949
TSTA3,0.0
TMPO,0.805147058824
VARS,0.449275362319
ECM1,1.0
SMCR8,1.0
FMR1,0.193548387097
HIST4H4,0.0
LYPD1,1.0
NAP1L1,0.655172413793
CALCOCO2,0.0
NAP1L4,0.0
MAPKAP1,1.0
RGS2,0.0
RGS9,1.0
PEAK1,1.0
IL1RAP,0.0
KIAA1143,0.0
FSD1L,1.0
RDH14,0.0
KANK2,0.478260869565
RDH11,0.0
CYBASC3,0.941176470588
FAM178A,1.0
DOLK,0.261904761905
CDK2AP1,0.59477124183
CANX,0.0
NUCB1,0.0
CIAPIN1,0.494318181818
HSP90AB1,1.0
PTP4A1,0.832797427653
UBR5,0.0
PTP4A2,0.93485915493
MRPS7,1.0
MRPS6,0.0
MRPS5,0.541666666667
IFI35,1.0
TDRD7,0.0
C9orf23,0.0
IFI30,0.0
ABHD8,0.0
MYLIP,0.0
ABHD2,0.721854304636
ABHD6,0.0
PA2G4,0.505564387917
TWF1,0.0
NKIRAS2,0.513333333333
NKIRAS1,0.0
WDR54,0.0
WDR53,0.541666666667
MBTPS1,1.0
EIF4G3,1.0
FTSJD2,0.0
EIF4G1,1.0
C1orf31,0.518987341772
GRB2,0.466960352423
ULBP2,0.0
ULBP1,0.0
CD151,0.542857142857
SSU72,1.0
FAM200A,1.0
FAM200B,1.0
C5orf62,0.0
RBMX2,1.0
MFSD3,1.0
DIRC2,1.0
LSM1,0.582417582418
POLR2E,0.0
POLR2D,0.0
POLR2G,0.319648093842
POLR2F,0.39312039312
POLR2A,1.0
POLR2C,1.0
POLR2B,0.0
POLR2L,0.0
THOP1,1.0
POLR2I,1.0
POLR2H,1.0
POLR2K,0.0949074074074
TLK2,0.0
USP53,1.0
ASCC3,0.884210526316
ASCC2,0.0
ASCC1,0.794117647059
CCNK,1.0
DDA1,0.104166666667
GAMT,0.0
VBP1,0.0
FAM120C,1.0
MAPK14,1.0
FZD2,1.0
FZD3,1.0
FZD6,1.0
HUS1,1.0
TBRG1,1.0
DHCR24,1.0
HIST1H1T,0.0
AMFR,0.30303030303
HIST1H1D,0.0
HIST1H1E,0.0
TGFBRAP1,0.0
HIST1H1C,0.0
ITFG3,1.0
ITFG2,0.0
PICK1,0.0
TMEM237,0.0
MRTO4,0.157894736842
KIF20B,1.0
KIF20A,1.0
MKI67,0.648745519713
CAB39,0.0
CKMT1A,1.0
CKMT1B,1.0
ANKHD1,0.423076923077
BCL2L11,1.0
ESCO2,0.0
NUP43,0.0
ZNF557,1.0
C22orf13,1.0
ZNF552,1.0
ZNF551,1.0
SIN3B,0.0
SIN3A,1.0
GTF2H2,0.0
GTF2H5,0.0921985815603
GTF2H4,1.0
ALDH1B1,0.0
COX7A2L,0.0
RPL38,0.686913982878
RPL39,0.540757749713
TAB3,1.0
PHOCN,0.0
RPL34,0.0149319279754
RPL35,0.0
RPL32,0.0
RPL30,1.0
RPL31,1.0
TARBP2,0.0
ATF5,1.0
ATF4,1.0
ATF7,0.326923076923
ATF1,1.0
ATF3,0.410569105691
ATF2,1.0
SUMO1,0.259689922481
INVS,1.0
SUMO3,0.188679245283
SUMO2,0.879543094496
PSPC1,1.0
KIAA0317,1.0
SDF4,1.0
SDF2,0.0
SLC38A7,1.0
SLC38A1,1.0
SLC38A2,1.0
SLC38A9,1.0
OCA2,1.0
RSU1,0.75
UBE4B,0.864583333333
UBE4A,1.0
SNRNP25,1.0
SNRNP27,0.0
YBX1,0.0457966028811
STIP1,0.303664921466
CHIC2,1.0
C16orf61,1.0
UACA,0.47619047619
MRPL18,0.309782608696
DGCR6L,1.0
TBC1D24,1.0
MED12,1.0
FUNDC2,0.174242424242
FUNDC1,0.4
SENP6,1.0
SENP2,0.666666666667
SENP1,0.0
SAMM50,0.0
ARPC5,0.240875912409
ING4,1.0
RNF40,1.0
ING1,0.0
ING3,1.0
KIAA1949,1.0
GFPT1,0.151785714286
GFPT2,0.0
ECHDC2,0.0
ECHDC1,0.59375
DYNC1LI1,0.0
ACP6,1.0
ACP1,0.0
SDCCAG8,0.433734939759
SNIP1,0.0
GLA,0.0
ANKRD32,0.0
GLS,1.0
CDIPT,1.0
NT5C3L,0.0
TMEM11,1.0
NCOA6,0.428571428571
NCOA4,0.759259259259
NCOA5,0.272727272727
PRAME,1.0
TMEM18,0.0
TMEM19,1.0
MECR,0.5
BSG,0.0
P4HTM,1.0
RIF1,1.0
USMG5,1.0
STARD3NL,1.0
SREK1,0.0
ZNF639,1.0
AK3,0.0
AK2,0.0473684210526
AK1,1.0
TBCD,1.0
TBCC,0.0
TBCA,1.0
AK4,0.0
SARS,0.106870229008
AP1S2,0.428571428571
GEN1,0.0
ZNF496,1.0
ZNF493,1.0
ZNF492,1.0
EPS8,1.0
ZNF490,1.0
ERH,0.425389755011
PARM1,0.0
HERPUD2,1.0
HERPUD1,0.5
TMEM55A,0.0
MTRNR2L8,1.0
NDNL2,0.0
MTRNR2L3,1.0
MTRNR2L1,1.0
FCGRT,1.0
MTRNR2L7,1.0
TRA2A,1.0
TRA2B,1.0
MTRNR2L4,1.0
MDC1,0.0
FBN2,1.0
BRMS1L,1.0
LACTB2,0.0
ENDOD1,0.0
FRYL,1.0
GRPEL1,0.0
ERI1,1.0
GRPEL2,0.0
UHMK1,0.784810126582
ZXDB,0.0
ZXDA,0.0
TMEM185A,0.0
UBXN11,0.0
DNTTIP2,0.0
UBLCP1,0.30534351145
MTMR6,1.0
MTMR3,1.0
MTMR2,0.866666666667
TSC22D1,1.0
TSC22D3,0.5
TSC22D2,0.0
TSC22D4,1.0
VAT1,0.226666666667
TRAIP,0.0
UBA52,0.0828460038986
CD2BP2,0.217391304348
MESDC2,0.0
NDUFC1,1.0
KATNA1,0.666666666667
EXOSC9,0.435897435897
BCKDK,0.0
EXOSC2,0.0
EXOSC3,0.0
EXOSC1,0.0
C6orf141,0.0
INCENP,1.0
FARP2,0.0
FARP1,0.0
C9orf40,1.0
C9orf46,0.603448275862
BTG1,1.0
DEPDC1,0.0
SCYL2,0.0
SCYL1,0.0
STXBP3,0.0
STXBP4,1.0
SKP2,0.684210526316
SKP1,0.137816979052
NOC2L,0.0
FANCG,0.5
FANCF,0.0
FANCC,0.44
ENY2,0.912408759124
FANCI,0.683870967742
GPN2,1.0
HNRNPA3,0.0
HNRNPA0,0.963636363636
HNRNPA1,0.0329740012682
RPN2,1.0
LRRFIP2,0.0
DUS2L,0.433333333333
TFIP11,1.0
CDK1,0.698170731707
TRAPPC6B,1.0
CDK4,0.760869565217
CDK7,1.0
CDK9,0.0
LPAR1,1.0
LPAR4,1.0
LPAR5,1.0
CEP57,0.685840707965
FAM188B,0.0
CEP55,0.317829457364
SPECC1,0.0
LIMS1,0.0
RERE,1.0
SUN2,0.0
SUN1,0.715976331361
SUPT3H,0.5
HSPD1,1.0
NARFL,0.0
MTX2,0.323529411765
NFKBIL1,0.4
AMD1,0.849514563107
LIAS,0.0
PRKCA,0.0
PRKCD,1.0
PRKCZ,1.0
SGSM3,0.821428571429
HIST1H3D,0.0
KRIT1,1.0
RBM14-RBM4,0.0778210116732
CKLF-CMTM1,0.415730337079
SEC11A,0.0
SEC11C,0.0
PMF1,0.0
TYMS,1.0
ZNF791,1.0
WWP2,1.0
WWP1,1.0
PPIL1,1.0
TPI1,0.0
PPIL3,0.571428571429
PPIL4,0.0
PHLPP1,1.0
PPP1R2,1.0
CCDC94,0.0
CCDC97,0.333333333333
PPP1R8,0.764705882353
PRMT7,1.0
ATP5J2,0.0
ZNF576,1.0
SETDB1,1.0
IARS,0.937125748503
CTSB,1.0
CTSC,1.0
CTSD,0.962025316456
RPL14,0.0411861614498
RPL15,0.0
CTSZ,1.0
RPL17,0.55010845987
RPL10,0.379310344828
RPL11,0.0
OMA1,0.0
RPL13,0.145454545455
FAM18B2-CDRT4,1.0
GPATCH4,1.0
SF1,1.0
RPL18,0.0
RPL19,0.0
PCYT1A,0.0
SYK,1.0
KIAA1310,1.0
EMD,0.518987341772
STIL,0.0
DCTD,0.527777777778
PDPN,0.0
USP22,0.90099009901
SLCO4C1,0.0
CARD8,1.0
ALDH16A1,0.0
KIAA0196,0.65625
ERP29,0.0808823529412
PHKA1,0.0
UBA6,0.0
PDP1,0.0
UBA3,0.0
UBA1,0.716553287982
PWP2,0.0
PWP1,0.610526315789
PHF20,0.0
PHF23,1.0
NAA16,1.0
UBE2H,0.0
UBE2K,0.808823529412
NAA15,1.0
UBE2M,0.753623188406
FAM162A,0.0
NAA10,0.291187739464
UBE2N,0.0
UBE2A,0.649122807018
UBE2C,0.528198653199
UBE2F,0.0
UBE2Z,0.0
UBE2S,0.234615384615
RPAIN,0.0
TOP3A,1.0
UBE2T,0.241666666667
TAC1,0.0
ILK,0.471264367816
PNO1,0.0
HDHD2,0.0
PDE3B,1.0
MORF4L2,0.796986518636
MORF4L1,0.0196253345227
COCH,0.651162790698
NDUFA4,0.55622089155
NDUFA2,0.164893617021
NDUFA3,0.0
NDUFA1,0.0119196988708
RABEPK,1.0
NDUFA8,0.0538302277433
NDUFA9,0.0
KIAA1967,0.0
TBL1XR1,1.0
SAT1,0.896923076923
SAT2,0.835106382979
DTX3,1.0
EIF1,0.17803030303
BIRC2,1.0
EIF6,0.0
GNE,0.6
TXNL4A,0.0
TXNL4B,0.459459459459
ANKRD10,1.0
TMEM33,0.532710280374
NT5C2,0.0
MEA1,0.0
FAM53C,1.0
FAM82B,0.0
POGK,1.0
ANO10,0.0
POGZ,1.0
GSTCD,1.0
AHCY,0.0692640692641
DHDDS,0.639534883721
TIMP3,0.20253164557
TIMP2,1.0
TIMP1,0.0160427807487
PARN,1.0
KCNK1,0.0
PI4K2B,1.0
PI4K2A,0.0
HIBADH,1.0
NHLRC3,0.0
NHLRC2,1.0
CXorf56,0.5
CXorf57,0.21484375
CGREF1,1.0
SLC26A11,1.0
IP6K2,1.0
IP6K1,1.0
ACOT13,0.70207852194
DDX5,0.791294642857
DDX6,0.563318777293
INADL,0.0
DDX1,0.0
SCN3A,1.0
SLC7A6,1.0
HLA-B,0.0
SLC7A2,0.0
HLA-E,0.0
SLC7A1,0.567567567568
MMS19,0.0
PPAN-P2RY11,1.0
HAUS8,0.0
HAUS6,1.0
HAUS4,1.0
HAUS1,0.0
TFE3,1.0
UBXN4,0.0
CYLD,1.0
UBXN6,0.0896551724138
UBXN1,1.0
DLX2,0.0
NACA,0.968004653869
HIST1H2BD,0.0475714820827
HIST1H2BL,0.0
HIST1H2BO,0.0
GATAD1,1.0
HIST1H2BJ,1.0
HIST1H2BK,0.0295512586647
SEC23B,1.0
TNFAIP2,1.0
ECI2,1.0
ECI1,0.0
IPO8,1.0
RNPC3,0.0
IPO7,0.787878787879
IPO4,0.0
NRBP1,1.0
SMCHD1,0.0
JAZF1,0.0
SDCBP,0.0189753320683
LMBR1,1.0
RAB8A,0.0
C6orf162,0.0
MARS2,0.0
SCPEP1,0.0
ARL17B,0.488372093023
ARL17A,0.488372093023
GABPB2,1.0
GABPB1,0.774193548387
SHPK,0.0
PAQR3,1.0
FERMT2,0.0
TOMM70A,0.417061611374
FERMT1,0.416666666667
FADS1,0.0
SIL1,1.0
WWTR1,1.0
SYNGR2,0.0
CSE1L,0.211009174312
MAK16,0.0
ACSL3,0.58064516129
ACAD10,1.0
ACAD11,0.243902439024
C5orf28,0.0
C5orf22,0.25
PLOD1,0.0
C5orf24,0.394495412844
C5orf25,0.0
C9orf64,1.0
GNA13,0.0
RAD21,0.412060301508
ANLN,1.0
USP12,1.0
USP14,1.0
SSBP1,0.183628318584
SSBP3,0.510204081633
USP19,1.0
BCL10,1.0
INPP1,0.0
UNC45A,0.0
PLA2G12A,1.0
CRKL,1.0
ERRFI1,1.0
AMZ2,1.0
BOD1,1.0
SUPT5H,0.0
EBNA1BP2,1.0
ARHGEF11,1.0
MOBKL1B,0.662857142857
MOBKL1A,0.678571428571
FXR1,0.5
FXR2,1.0
SHCBP1,0.0
MITD1,0.0
CEP70,1.0
RHBDD3,0.692307692308
CEP72,0.0
RHBDD1,1.0
ZNF776,1.0
KLC3,0.0
PAIP2B,1.0
ZNF770,1.0
ZNF771,0.0
SERF1A,0.34328358209
SERF1B,0.34328358209
HINFP,1.0
BAZ2A,1.0
TST,0.0
CHCHD2,0.0
CHCHD3,0.367647058824
RPL7A,0.0
CHCHD7,0.576837416481
CHCHD4,0.5
MST4,0.228346456693
CHCHD8,0.5
WDR11,0.0
ZNF519,0.605263157895
ZNF512,0.0
TRPT1,0.0
TSPYL4,0.0
TSPYL1,0.0
TSPYL2,1.0
SLC39A8,1.0
SLC39A9,0.333333333333
HIST2H3C,0.0
HIST2H3A,0.0
SLC39A1,0.515151515152
SLC39A3,1.0
GABPA,0.0
SLC39A6,1.0
SLC39A7,1.0
PSIP1,1.0
C20orf4,0.487179487179
MYH10,0.115044247788
SCAF4,1.0
SCAF1,0.0
KIAA1598,0.0
NAA38,0.0990099009901
MTRR,1.0
FITM2,0.0
ATAD2B,1.0
RBM6,0.648936170213
RBM4,0.0699300699301
RBM3,0.0798090040928
RPL23A,0.0
CAT,0.0
AP1S1,0.0
ACTBL2,0.0
NDE1,1.0
CAD,0.41935483871
PGD,0.0
C20orf111,0.1
NUDC,0.430555555556
DYM,1.0
PELO,0.771084337349
IVNS1ABP,1.0
C21orf91,0.0
NDUFC2,0.328513330321
IFT122,0.0
COA5,0.279069767442
BMI1,0.0
MRS2,0.89552238806
NRP2,0.0
C12orf62,0.306666666667
CA8,1.0
ARSA,1.0
ARSB,1.0
CA2,0.0
ARMCX5,0.852941176471
CEPT1,0.397727272727
ARMCX2,1.0
RBMX,1.0
GSTA4,0.0
UFC1,0.0
MIF,0.031817110535
AKIP1,0.606060606061
DDX39B,0.981031866464
DDX39A,0.296875
NDUFC2-KCTD14,0.328513330321
DYNLT1,0.0
DYNLT3,0.0
STRAP,0.853199498118
C1orf85,0.0
PAFAH1B1,0.711111111111
PAFAH1B3,1.0
KIFC1,0.84375
C10orf125,0.0
EID2,0.25
EID1,0.0513833992095
ACTB,0.0761173184358
TOMM5,0.0
DMRT2,1.0
PROS1,0.0
CRADD,1.0
MT1X,0.214559386973
ADAR,0.466666666667
SF3A1,0.234042553191
SF3A2,0.137472283814
SF3A3,0.0656370656371
ZNF184,1.0
ZNF180,1.0
ZNF189,1.0
TIFA,1.0
ZNF24,0.75
MRE11A,0.838150289017
ZNF20,1.0
BLVRA,0.0
ZNF28,0.24347826087
GLTPD1,1.0
BBS10,0.0
BBS12,1.0
ARHGAP18,1.0
MOAP1,1.0
ZNF239,1.0
ZNF234,1.0
CNBP,0.661764705882
RNF113A,0.0
INTS12,0.0
INTS10,0.238095238095
FAM35A,1.0
NAE1,0.666666666667
RANBP1,1.0
RANBP3,0.0
RANBP2,1.0
TMEM9,0.0
TAPT1,0.0
ARMCX3,0.836363636364
ARNT,0.0
TRAM1,1.0
BASP1,0.412878787879
SLC23A2,1.0
TGFB1,1.0
TBCEL,0.0
CYC1,0.0
YWHAZ,0.513839602555
LPHN2,0.0
NOP58,0.878787878788
C6orf106,1.0
NOP56,0.0
ETS2,1.0
YWHAH,0.0
YWHAB,1.0
YWHAG,0.655844155844
YWHAE,0.433202906652
SSNA1,0.0
CHRM3,1.0
MGAT1,0.822784810127
MGAT2,1.0
VAMP1,0.0
CHST10,1.0
VAMP3,0.263269639066
SLC20A1,1.0
VAMP7,0.301333333333
VAMP8,0.0
ROCK1,1.0
TRAPPC2L,0.0
CAPRIN1,1.0
CCNT1,0.0
CREBZF,1.0
C9orf89,0.0
C9orf85,0.0
C9orf80,0.898305084746
C9orf82,0.5
VRK1,0.0
VRK3,0.713483146067
VRK2,1.0
USP38,1.0
NR2C1,1.0
USP33,0.666666666667
SHMT2,0.532871972318
USP36,1.0
USP37,1.0
MORN4,0.0
PLD6,0.0
ZAK,1.0
MORN2,1.0
RPL39L,0.6
PPFIBP1,1.0
FRA10AC1,1.0
RRP1,0.0
RRP8,1.0
ZNF75A,1.0
DOCK5,1.0
SAAL1,0.0
TNFRSF12A,0.0
SLC9A1,1.0
UBAP2L,1.0
SUPT7L,1.0
JUN,0.921033740129
EIF5AL1,0.0
JUP,0.0740740740741
GDPD1,0.0
FAM98A,1.0
SEC13,0.0
MSMO1,1.0
SMN2,0.0
RPP38,0.37037037037
EARS2,0.0
RPP30,0.27868852459
PHF16,0.0
TBX3,1.0
FBXO5,1.0
CTNND1,1.0
FBXO8,0.682926829268
BCORL1,0.0
C18orf21,0.666666666667
TMEM38B,0.0244444444444
ZNF530,1.0
BDP1,1.0
DBR1,1.0
CSNK1A1,0.689981096408
ATL3,1.0
ATL1,0.0
RUSC1,1.0
PPIH,0.0
PPIG,0.6
PPIF,1.0
PPIE,0.0
PPID,0.0
PPIC,0.0
PPIB,1.0
PPIA,1.0
CORO1B,0.730769230769
CORO1C,0.0
PIN1,1.0
WASF2,0.616822429907
FAU,0.0382845188285
FAH,0.0
LLPH,0.0
HNRNPA2B1,0.813371562622
DCP2,0.833333333333
GOSR2,0.0
LZIC,0.4
MIDN,1.0
TSEN34,1.0
NCAPH2,1.0
NAA50,1.0
CFDP1,0.0
ATF6B,0.0
C14orf142,0.0
HECTD1,0.0
MAN2B1,0.0
CCS,0.0
CCDC28B,1.0
OAT,0.165467625899
TSPAN9,0.676470588235
COG8,0.0
NUF2,0.871794871795
COG2,0.0
CHTOP,1.0
FLI1,1.0
C12orf48,0.244444444444
C12orf41,0.0
C12orf45,0.0
C12orf44,1.0
NFAT5,1.0
KCNMB3,1.0
UBB,0.433609958506
UBC,1.0
POC5,0.65306122449
SPECC1L,0.526315789474
AKR1A1,1.0
NPRL2,0.0
KBTBD7,1.0
KBTBD6,1.0
KBTBD4,0.0
KBTBD3,1.0
KBTBD2,0.69387755102
PCBP2,0.889257111295
PCBP1,0.878486055777
SIRT2,0.7625
SIRT1,0.0
SIRT6,0.0
MED30,0.538461538462
MED31,0.130718954248
PAK1IP1,0.0
FSD1,0.0
RBM27,1.0
RBM25,0.442307692308
RBM22,0.258503401361
RBM23,0.834821428571
HIST3H2A,0.0
RFWD2,0.323529411765
RFWD3,0.0
EPHA2,0.0
TRMT6,1.0
TRMT5,0.0
KDM6A,1.0
TRMT1,1.0
FGF13,0.725806451613
VAMP2,0.0
MNAT1,0.615107913669
GLB1L2,0.0
OXNAD1,1.0
ARL1,0.04
ZNF250,1.0
ARL3,0.0
ZNF254,0.4
ZNF257,0.0
ZNF256,1.0
MTERF,1.0
RRM2,0.137931034483
RRM1,1.0
DERA,0.0
TFAM,0.931972789116
TXNL1,0.740740740741
TMX1,0.0
TMX2,0.0
NAGK,1.0
DAZAP1,0.0
DAZAP2,0.392857142857
AGPHD1,0.0
PPAPDC3,1.0
WLS,1.0
MFAP3,0.693333333333
SRSF10,0.682926829268
MFAP1,0.3359375
SRSF12,0.0
KIAA0090,0.0
NDUFAB1,0.0
C6orf120,1.0
CDC42SE2,1.0
CDC42SE1,0.810126582278
HEBP1,0.0
OFD1,1.0
HBS1L,0.769230769231
VAC14,1.0
IWS1,1.0
APRT,0.0
C19orf53,0.0
C19orf50,0.0
C19orf54,0.0
LITAF,0.0
SNAP29,0.0
C11orf49,0.34375
PRR11,0.609756097561
PRR14,0.0
C11orf46,0.650602409639
DIRAS1,0.0
GEMIN6,0.671641791045
SFXN4,0.0
PUM1,1.0
SFXN2,0.0
SFXN3,1.0
RAD1,0.214285714286
SFXN1,0.0
LNX2,0.0
CCT8,0.0170511534604
RWDD2B,1.0
CCT2,1.0
CCT3,1.0
CCT7,0.894736842105
CCT4,0.181960784314
CCT5,0.0
TIMM13,1.0
TIMM10,0.427561837456
ARL13B,1.0
CDK5RAP3,0.0
LRR1,0.0
GFM1,0.0
GFM2,1.0
TNFRSF10B,1.0
TNFRSF10A,0.0
TNFRSF10D,0.0
DCTN2,1.0
DCTN3,0.0
NUP88,0.0
DCTN1,0.0
DCTN6,0.0
DCTN4,0.0
DCTN5,1.0
KCMF1,0.0
ASPM,0.7
ASPH,1.0
CCDC144A,0.0
BROX,1.0
FAM96A,1.0
FAM96B,0.0
BPHL,0.0
RNF25,0.0
UBE2V1,0.0
UBE2V2,0.0
RNF26,1.0
RNF20,0.287671232877
CMBL,0.872093023256
ZNF880,0.0
ZNF737,1.0
C1GALT1C1,0.526315789474
RADIL,1.0
LDLRAP1,1.0
G6PD,0.0
TRAK2,1.0
TOM1,0.0
IGSF3,1.0
CTNNB1,0.60472972973
C18orf45,0.0
TMEM41B,0.376811594203
CNOT8,0.47619047619
CNOT3,1.0
CNOT2,0.842105263158
CNOT1,1.0
CNOT7,0.551020408163
APOL2,0.74358974359
CNOT4,0.363636363636
ITGB1,0.0
MYO6,1.0
TNIP1,0.611111111111
RPP14,1.0
EAPP,0.138888888889
ORAOV1,1.0
GNPDA2,0.0
GNPDA1,0.0
LBR,0.845714285714
C6orf192,1.0
RAN,0.0303289192653
ATP5J2-PTCD1,0.0
SLC12A5,0.0
SLC12A2,1.0
LBH,0.823529411765
EXT2,0.36
ACIN1,1.0
ATP1B3,1.0
TFB1M,0.0
PLD3,1.0
FAM113A,1.0
C14orf166,0.0
LEPROTL1,0.0
TCTA,1.0
SNX3,0.0618982118294
SNX2,0.0
SNX6,1.0
SNX5,1.0
SNX4,0.0
RPL27A,0.0
CCDC127,0.0
CCDC126,1.0
CCDC124,0.0
CCDC122,1.0
KHSRP,1.0
TIMELESS,1.0
ITPKB,1.0
MGEA5,1.0
PHKG2,0.205882352941
ORAI2,1.0
ORAI3,1.0
DLAT,0.0945945945946
C12orf29,0.0
C12orf24,1.0
C12orf23,1.0
TUBB2C,0.346697338153
TUBB2B,1.0
RNASEH2A,1.0
CEP170,0.52
RNASEH2B,1.0
HNRNPR,0.42774566474
MUT,1.0
DIEXF,0.333333333333
FABP5,0.0
PGAM1,0.0
MXD3,0.0
GABRA3,1.0
CENPC1,1.0
C1QBP,0.0256867641812
RRP9,0.0
FASN,0.0
DNMBP,0.0
MED23,0.0
ASL,0.0
ATP6V0B,1.0
ATP6V0C,0.181102362205
LAMP2,0.846153846154
LAMP1,1.0
TCF25,0.0
EP300,0.0
DUT,0.454545454545
NAT10,0.545454545455
DIS3L,0.0
ALDH2,0.0
FAM55C,1.0
LENG1,0.0
SMEK2,0.889763779528
CC2D1A,0.0
NEU1,0.0
C18orf8,1.0
ATP5F1,0.444652908068
UQCR10,0.0
UQCR11,0.0285714285714
RPRD1B,0.586206896552
GABARAPL1,1.0
ASAH1,0.0
GABARAPL2,0.0
RAD54L,1.0
FASTK,1.0
KDM4B,0.707317073171
KDM4A,0.210526315789
ABCB7,0.0
MED15,0.0
ABCB5,1.0
MED17,1.0
MED18,0.8
MED19,0.0
C10orf137,0.283582089552
PSME2,0.0
PSME3,0.960251046025
PSME1,0.422222222222
EEF1B2,0.433155080214
HSPH1,1.0
TOPBP1,0.0
TLX1,1.0
GOLGB1,0.0
PMAIP1,0.929752066116
KIAA1704,1.0
MLEC,1.0
GRHPR,0.0
IST1,0.0
SLC30A9,1.0
SLC30A5,1.0
SLC30A7,1.0
SLC30A6,0.0
SNRNP200,1.0
GADD45A,0.0
GADD45B,0.742652899126
EML4,1.0
GADD45G,0.0
PLEKHB2,0.0
PHF3,0.0
ZYG11B,1.0
TAGLN2,0.71186440678
ZYG11A,0.0
ZMYND8,0.0
NARS2,1.0
NUPL2,0.0
MIPOL1,1.0
GMPR,0.0
GMPS,0.608391608392
CNN3,0.8875
CNN2,0.0
ZNF273,0.0
ZNF277,0.0
NCAPG,0.0
NOP10,0.0756756756757
EIF5B,1.0
CTXN1,0.0
EIF5A,0.03995025649
NONO,0.979182533638
IRGM,1.0
LSM14A,1.0
TUBB6,0.0
TUBB4,0.0
TUBB3,0.0
C19orf79,0.0
HERC2,0.0
HERC4,0.421052631579
SH3BGRL3,0.0
C17orf58,1.0
C17orf51,0.7625
C11orf67,0.0
TFDP2,1.0
TFDP1,0.857819905213
C11orf61,0.0
EIF3C,0.646808510638
MIS18A,0.0
MKNK2,0.37037037037
LCLAT1,1.0
MKNK1,1.0
RHOT1,0.0
GMEB1,0.0
RAF1,1.0
DRAM2,0.0
CD81,1.0
RPL13A,0.0
ZBED1,1.0
BNIP3L,0.0
HAX1,0.625
EFNA1,0.0
LRP6,1.0
CDS2,0.0
HARS2,0.555555555556
CLCC1,0.0
STIM2,1.0
LIMK2,1.0
CCDC74A,1.0
LIMK1,0.0
MAP2,0.0
MAP4,0.51912568306
TEAD3,0.0
TEAD1,1.0
CAMLG,1.0
TEAD4,1.0
PLEKHF2,0.0
APEX1,1.0
APEX2,0.0
ESRRA,0.0
PSMC3IP,0.0
MTPN,0.788461538462
SRP54,0.913461538462
THG1L,0.0
EBPL,0.0673076923077
TOM1L1,0.0
ZNF512B,0.0
GSS,0.0
GSR,0.0
LRPPRC,0.0
NME1-NME2,0.145348837209
UTS2D,1.0
DHCR7,0.482142857143
TROVE2,0.843373493976
GSN,1.0
ZFP1,0.0
GNB2L1,0.427939876216
ANKMY2,1.0
PTBP2,0.609756097561
PTBP1,0.0252728317059
NNT,0.814371257485
HK1,0.0
CACNA2D1,0.0
ATP2B4,1.0
FDPS,0.870813397129
SUPT4H1,0.189655172414
XRN1,0.0
XRN2,0.0
PABPC1,0.79218900675
PABPC4,1.0
FBXO9,1.0
EED,0.880952380952
MAPKAPK3,1.0
MAPKAPK2,0.0
GOLPH3,1.0
SAMD5,1.0
PPME1,1.0
PIK3R4,0.811764705882
PIK3R3,1.0
PIK3R2,1.0
PIK3R1,0.0
SAMD8,0.0
HEXIM1,0.828125
DENND5A,1.0
HEXIM2,1.0
ARMCX6,1.0
CRLS1,1.0
FAM111B,0.767676767677
AASDHPPT,0.0
ARMC9,0.0
IDS,1.0
ARMC6,0.853801169591
RPL37A,1.0
CCDC101,1.0
FAHD2B,1.0
FAHD2A,1.0
DROSHA,0.97005988024
CCDC104,1.0
GUF1,1.0
HIATL1,1.0
POLD1,0.0
POLD2,0.0763888888889
POLD4,1.0
PML,0.324324324324
REEP3,0.0
REEP5,0.0
REEP4,0.478723404255
BBS9,1.0
FUBP1,0.0
SREK1IP1,0.813664596273
CECR5,0.0
NUB1,1.0
ARL6IP5,0.0
ARL6IP1,1.0
SAV1,1.0
MLST8,0.607594936709
STAU1,0.974358974359
STAU2,0.972131147541
ID4,1.0
ID2,0.0
ID3,0.272413793103
ID1,0.504651162791
HP1BP3,0.476821192053
FAM18B2,1.0
PDCD6IP,0.0
MSN,0.444444444444
SEC31A,0.0
XBP1,0.0
UBOX5,1.0
AQR,1.0
YWHAQ,0.0
GLI3,0.515151515152
GLI4,0.0
MPPE1,1.0
PEF1,0.0
LONP2,0.0
PDGFA,1.0
HNRNPA1L2,1.0
HCCS,0.948186528497
ORC4,0.789473684211
ORC2,1.0
ORC3,0.5
ORC1,1.0
DMKN,0.25
RCC1,1.0
RCC2,0.770764119601
DNM1L,0.0
METTL11A,0.494071146245
FGFR1OP2,0.573529411765
NCBP1,1.0
NCBP2,0.0
B2M,0.0
SQLE,0.535714285714
PTPLB,0.0
SPTLC2,0.0
SPTLC1,0.0
KDM2A,1.0
ABCD3,0.0826446280992
KDM2B,1.0
PPHLN1,0.0683229813665
ZNF45,1.0
OSGEP,1.0
ZNF43,0.0
TRAPPC9,0.0
TRAPPC1,0.0
TRAPPC2,0.588235294118
TRAPPC5,1.0
TRAPPC4,0.0
BAK1,0.643564356436
PNISR,0.563218390805
KIAA1279,0.0641025641026
MTCP1,1.0
SOBP,1.0
PSMG2,0.483050847458
C14orf2,0.526766595289
C14orf1,0.0
SERBP1,0.0767494356659
ZNF295,0.65
C9orf114,0.0
NUP133,0.0
NDUFAF4,0.68
FOXM1,0.890173410405
FKTN,1.0
GDAP2,0.405405405405
FAM71E1,1.0
SULT1A1,1.0
SULT1A3,1.0
SULT1A2,1.0
CABYR,0.0
NOL9,0.0
NOL8,1.0
CHTF18,0.0
SH2B1,1.0
SAR1A,0.458452722063
SAR1B,0.485436893204
NOL6,1.0
DCAKD,0.613861386139
C17orf39,0.0
SRRT,0.729805013928
CDC45,0.0
CDC40,0.0
CDC42,0.159713945173
DIMT1,0.546218487395
CHAF1A,0.0
CHAF1B,1.0
VIPAR,0.0
DPYD,0.0
UBTF,0.0
CDCA2,0.0
CDCA3,1.0
YLPM1,0.647058823529
CDCA4,0.0
CDCA5,1.0
CDCA8,0.478260869565
RSF1,0.0
CYB5A,1.0
CYB5B,0.0
ALKBH3,1.0
PCK2,0.0
SYTL4,1.0
PCK1,0.59375
RELT,0.0
RELA,0.0
HDGF,0.629370629371
MRPL36,0.0
MRPL37,0.438775510204
MRPL34,0.0
MRPL35,0.0
MRPL33,0.0
MRPL30,0.219101123596
UBE2R2,1.0
MRPL39,0.0
THOC3,1.0
THOC2,0.0
THOC1,0.0
THOC7,0.566037735849
THOC6,0.6875
THOC5,0.614814814815
ZNF845,0.0
WHSC1,1.0
RECQL5,0.333333333333
COPS8,0.5
COPS2,0.0
COPS3,0.0
NUP85,0.0
COPS4,0.25
COPS5,1.0
ZNF593,0.0
YTHDF1,1.0
ZNF599,1.0
TKT,0.353383458647
FDFT1,0.0
FAM135A,1.0
NLN,1.0
NUDT8,0.0
NUDT9,0.0
DLD,0.0
NUDT1,1.0
RBAK-LOC389458,0.0
NUDT4,1.0
NUDT5,0.5
TK1,0.0
PHLDB2,1.0
LARS,0.840182648402
MEF2A,1.0
RSL24D1,0.0
SSB,0.292479108635
EPHX1,0.0
FAM168B,0.833333333333
ZNF330,1.0
FAM168A,0.0
RPLP2,0.707219251337
RPLP1,0.374779852061
RPLP0,0.84074941452
ECD,1.0
NOTCH2NL,1.0
NDFIP1,1.0
CIB1,1.0
THYN1,0.693548387097
LETMD1,0.0
UGDH,1.0
RABL2B,1.0
SLCO1A2,1.0
BBX,1.0
CXADR,0.0
C14orf129,0.56
MGST3,0.29766536965
MFN2,1.0
MFN1,1.0
ZNF33B,1.0
ZNF33A,1.0
TTC23,1.0
SNRNP48,0.0
MAD2L2,0.0
MAD2L1,0.396761133603
KTN1,0.0932203389831
TCEB2,0.0
TCEB1,1.0
SVIP,0.441025641026
C16orf70,0.0
CCDC167,0.0
SGK196,1.0
NINJ1,0.0
CYP7B1,0.0
SLC16A1,0.666666666667
SLC16A7,0.0
BCKDHB,0.0
WIPF3,0.0
WIPF2,0.492537313433
MON1B,1.0
DYNLL1,0.267477203647
DYNLL2,0.025974025974
UQCRQ,0.0
RBM4B,0.0
PIBF1,1.0
UQCRH,0.0283400809717
UQCRB,0.0925589836661
GPS1,0.934156378601
GPS2,0.294117647059
TAOK1,1.0
LYPLA1,0.0
GLO1,0.0748792270531
ATP6V0D1,0.0
LSS,0.5
FLCN,1.0
COIL,1.0
CARHSP1,0.031954887218
RBM42,0.0
RBM45,0.0
PQBP1,0.764214046823
TTC15,1.0
TTC14,0.0
SLBP,0.824
FAM48A,1.0
RRAS2,1.0
C4orf27,0.0
C3orf63,0.0
SLC31A1,1.0
SLC31A2,0.0
ZFP91,0.0
RICTOR,0.0
PPM1G,0.236842105263
PPM1F,1.0
ABCF2,0.291866028708
ABCF1,0.0
EGR1,0.402684563758
PJA1,0.0
PJA2,0.0
CHEK2,0.0
CHEK1,0.0
PRKAB1,0.581081081081
PTPN3,0.0
GCFC1,1.0
PTPN1,1.0
RG9MTD2,1.0
RG9MTD3,0.0
RG9MTD1,0.678260869565
GINS3,1.0
GINS1,0.263736263736
GINS4,0.438271604938
BTF3,0.873820754717
STUB1,1.0
LRCH2,0.0
C15orf39,1.0
ANAPC1,1.0
ALG10B,1.0
CHCHD10,0.0
ADI1,1.0
PSMA2,1.0
PSMA3,0.143556280587
PSMA1,0.525773195876
PSMA6,0.0
PSMA7,0.55
PSMA4,0.797810218978
PSMA5,0.971326164875
ZNF107,1.0
ZNF101,1.0
ZNF100,0.347368421053
KIF16B,1.0
SEC23A,0.311827956989
FBXO42,1.0
EIF2C3,1.0
CS,0.0555555555556
RMND5A,0.933333333333
RMND5B,0.0
NRBF2,1.0
TRAFD1,0.42735042735
AGPAT6,1.0
AGPAT4,1.0
JAGN1,0.0657894736842
AGPAT1,1.0
PEX19,0.0
NIP7,0.0
PEX14,1.0
EIF1B,1.0
MANBAL,0.2
PRRC2B,0.877777777778
P4HB,0.0
COG7,1.0
C19orf33,0.0
PPP1CB,0.682051282051
PPP1CC,1.0
C11orf24,1.0
WBP2,0.0
WBP5,1.0
WBP4,0.40625
SRP9,0.199088145897
EIF3CL,0.415492957746
KIAA1841,1.0
UBR2,1.0
UBR1,0.0
UBR7,0.0
HSDL2,0.0
NUCB2,0.627906976744
SOCS4,1.0
SRPR,0.0
SOCS3,1.0
PPP2CA,0.373493975904
CCNC,0.818713450292
PACSIN2,0.5
CCNH,0.555555555556
CCNI,1.0
CCNJ,1.0
VPS72,0.0
PCM1,0.717948717949
TBRG4,0.72
NCKAP1,0.0
JMY,1.0
LRRK1,1.0
PLEKHJ1,1.0
ABHD10,0.0
NGRN,0.0
FN3K,0.0
PTS,0.0
MRPL10,0.5
MRPL11,0.0
MRPL13,0.0
MRPL14,0.0
MRPL15,0.0
MRPL16,0.1375
MRPL17,1.0
ARPC3,1.0
MRPL19,0.0
CDC25A,1.0
UAP1,0.769230769231
RNF41,1.0
ARPC4,0.0955882352941
DCUN1D1,0.0
DCUN1D4,0.0
DCUN1D5,1.0
ITPR3,0.0
ZNF828,0.759036144578
LRIG3,1.0
LRIG2,1.0
CASKIN2,1.0
SNCA,0.454545454545
AIFM2,0.161290322581
AIFM1,0.0
RNF123,0.0
RNF122,0.0
POT1,1.0
NCOR2,0.0
NCOR1,1.0
REPS1,0.0
NBN,0.0
RAP2B,0.0
RAP2C,0.0
NSA2,0.905236907731
LDOC1L,1.0
CTGF,0.793103448276
PIAS1,0.0
FAM115A,0.732510288066
ZNF317,1.0
P2RX5,1.0
HSPBP1,0.813725490196
HADHA,0.0
SAE1,0.0
PLXNB2,1.0
PGRMC1,0.422755741127
AP4M1,0.0
LRRC56,1.0
LRRC59,1.0
DIS3,1.0
SDHA,0.0
SDHC,0.0
SDHB,0.0
SHARPIN,1.0
ZCCHC12,0.0
ZCCHC17,0.426229508197
AP1M1,0.159292035398
FKBP14,0.818181818182
CCDC142,1.0
DLG1,0.0
DLG3,1.0
SAMD12,1.0
UBE2J2,1.0
SAMD11,0.0
SRPK1,0.0
SMG9,1.0
SMG8,0.0
GRWD1,0.421052631579
FAM3C,0.0
PTGR1,0.348837209302
SLC45A3,1.0
PIDD,1.0
MTUS1,1.0
OSBPL8,1.0
OSBPL9,0.495726495726
IFRD1,1.0
OSBPL3,1.0
TEX2,0.62962962963
ARHGAP17,0.0
ARHGAP12,1.0
STARD3,1.0
STARD7,1.0
STARD4,0.0
ARHGAP19,1.0
CAPZB,0.0
C1orf27,1.0
IMPAD1,1.0
C1orf21,1.0
BMS1,0.252032520325
BCDIN3D,0.0
AHSA1,0.302325581395
TOMM6,0.0331707317073
MAPK1IP1L,0.558823529412
DSP,0.452631578947
OCIAD1,0.930379746835
GLMN,0.0
GSTO2,1.0
PDAP1,0.0383631713555
CENPBD1,1.0
GSTO1,1.0
ERMP1,0.0
TTC33,0.0
TTC32,0.0
TTC37,1.0
BCLAF1,0.676470588235
DDTL,0.0
HMGB2,0.42962962963
SETX,0.378378378378
HMGB1,0.426804123711
AUH,0.0
ZNF80,1.0
ZNF85,0.0
ZNF84,0.69696969697
SS18,0.0
CAPZA2,0.0
CAPZA1,1.0
GTF2H2C,0.0
LMO4,0.54347826087
GEMIN7,0.512195121951
GEMIN4,1.0
C4orf43,0.358778625954
C4orf41,0.0
SF3B14,1.0
EIF4G2,0.812587412587
LARP1B,0.0
MCRS1,1.0
CCDC75,0.588235294118
C15orf58,1.0
AFAP1,1.0
LARS2,0.0
DDX17,0.0
ZNF121,1.0
DDX11,0.7421875
GJB2,0.0
DDX18,1.0
PSMC1,0.0
PSMC2,0.0555555555556
PSMC3,1.0
PSMC4,0.0
PSMC5,0.0397422126745
ARFIP1,0.885245901639
ARFIP2,1.0
KIF18A,0.596153846154
KIF18B,0.527272727273
TRIP11,1.0
TRIP12,0.307692307692
TRIP13,0.565217391304
CPVL,0.0
DNAL4,1.0
LIN7C,0.0
MARCH7,0.687179487179
MARCH6,0.637931034483
MARCH3,1.0
TMEM177,0.230769230769
MARCH8,1.0
EIF3H,1.0
EIF3I,0.0
EIF3J,0.75
EIF3K,0.0442415730337
EIF3L,0.0
SLX1A,1.0
EIF3A,0.51724137931
EIF3B,0.0
SLX1B,1.0
EIF3D,0.101648351648
EIF3E,0.0
EIF3F,1.0
EIF3G,0.0
FADD,0.458333333333
MKKS,1.0
NOL10,0.294871794872
CDKN2C,1.0
CDKN2A,0.611111111111
CDKN2D,0.0
BARD1,0.27027027027
GRINL1A,1.0
EDEM2,0.0
EDEM3,1.0
NME1,0.17614091273
NTPCR,1.0
BRP44L,0.725806451613
CSTF2T,0.0
LARP4B,0.0
NFATC1,1.0
NFATC3,0.5
TNFAIP8L1,0.0
FAM73A,0.0
AP2B1,0.0
HSBP1,0.831325301205
GTF2E1,0.204081632653
GFER,1.0
TUBD1,0.739130434783
RRBP1,0.0
KIAA1826,1.0
RALY,0.664705882353
RAB7L1,1.0
VPS52,1.0
ALKBH5,1.0
ALKBH2,1.0
RALB,0.0
RALA,0.553571428571
DBF4B,1.0
DNAJB9,0.0
DNAJB2,0.0
DNAJB1,0.0
DNAJB6,0.755656108597
DIDO1,0.717948717949
TMED7-TICAM2,1.0
EIF4E2,0.0
ZNF808,1.0
EPB41,1.0
RNF149,1.0
RNF141,1.0
RNF146,1.0
PHB2,0.148093841642
MSH2,0.0
MSH3,0.0
MSH6,1.0
CD320,0.0
NFXL1,0.0
PACSIN3,0.537037037037
C16orf42,0.0
COPA,0.0
COPG,0.453172205438
COPE,0.0
PM20D2,0.0
NRIP3,0.0
GPR137,1.0
VTI1A,0.543209876543
TWISTNB,0.0
VTI1B,1.0
ATP6V1C1,1.0
CDKN2AIP,0.0
C19orf6,1.0
ATF7IP,1.0
OCIAD2,0.680952380952
TOMM7,0.0
PPP1R3D,1.0
LUC7L3,0.27485380117
LUC7L2,1.0
KIAA1009,0.478260869565
YTHDC1,1.0
SH3GLB1,0.685567010309
SH3GLB2,0.0
ZCRB1,1.0
EHHADH,0.5
NME7,1.0
INPP5E,0.0
NME2,0.6875
RAI14,0.651898734177
CHURC1-FNTB,1.0
ZNF37A,1.0
HELQ,0.762711864407
CLSPN,0.208791208791
HELZ,1.0
MATR3,0.550898203593
MYADM,0.253012048193
RBAK,0.0
VPS37A,1.0
PNPLA2,1.0
HSPB11,0.0
PNPLA4,0.58
GFOD1,1.0
FOS,0.784482758621
ATG10,1.0
ATG12,0.553571428571
ATG13,1.0
SFPQ,0.658536585366
SAFB2,0.0
SEC14L2,0.0
SEC14L1,1.0
C1orf43,1.0
UPF1,1.0
RBM8A,0.0
CAST,0.769230769231
VCPIP1,1.0
THRAP3,1.0
COMT,1.0
WBP11,0.0
TARDBP,0.042735042735
PRKRIP1,1.0
GSTM2,0.0
GSTM3,0.0
PALLD,1.0
PIP4K2C,0.0
TMSB15A,1.0
EFHD2,0.0
EFHD1,0.0
TTF2,0.0
PINX1,0.0
KRCC1,1.0
RBMS2,0.144927536232
LTA4H,0.0
DAD1,0.0509915014164
CBR4,0.0
CBR1,1.0
MTRNR2L10,1.0
CPT1A,0.0
ANXA3,0.0
ANXA2,0.105863192182
TPST2,1.0
ANXA4,1.0
ANXA6,0.145161290323
MCM7,0.392617449664
MCM6,0.14440433213
MCM5,0.0373831775701
MCM4,0.0
MCM3,0.0
SASS6,1.0
DUSP14,0.931297709924
DUSP16,1.0
MCM8,1.0
SQSTM1,0.110169491525
C3orf21,0.0
C3orf23,1.0
C3orf26,0.51320754717
M6PR,0.804545454545
PKMYT1,1.0
ZNF141,0.0
CCDC102A,1.0
BCS1L,1.0
ZNF146,0.958801498127
ZNF148,1.0
CPT2,1.0
DDX31,1.0
PYGB,1.0
COX8A,1.0
MAGOH,0.821428571429
PFAS,0.611336032389
DDX3X,0.363206152026
C20orf27,1.0
C20orf24,1.0
SOD1,0.15564738292
TMF1,0.6
RANGAP1,0.640552995392
BAMBI,1.0
KCNN2,1.0
ANKHD1-EIF4EBP3,0.423076923077
PMS1,0.292682926829
PMS2,0.0
ATXN7L3B,0.918215613383
BRMS1,0.561538461538
SLC19A1,1.0
NIT2,0.0
NIT1,0.813559322034
HCFC1R1,1.0
TYSND1,1.0
EP400,0.0
MIS12,0.0
TMEM115,1.0
SLC35A4,1.0
SLC35A5,1.0
SLC35A3,0.0
NXF1,1.0
FAF1,0.784615384615
PGM1,0.0897435897436
PGM2,0.0
PGM3,0.4
SART3,0.0
CYHR1,1.0
TCEANC2,0.0
SLC25A42,0.0
SLC25A44,0.730158730159
CDC27,0.423255813953
CDC26,0.350427350427
CDC23,0.0
RBPMS,0.0
CDC20,0.0
TOX4,0.0
STRADB,0.742424242424
NUP155,0.409810126582
LIN54,0.0
PDZD8,1.0
NAGA,0.516129032258
RPL35A,0.220338983051
CARS2,0.0
FYTTD1,0.0
TNPO2,0.718181818182
TNPO3,0.71568627451
TNPO1,1.0
SPA17,0.0
MAPK1,1.0
MAPK7,0.0
MAPK9,1.0
SGPP1,0.0
WTAP,0.511278195489
BCOR,0.222222222222
THNSL1,0.0
BCAP31,0.114423076923
METTL9,1.0
VPS35,0.0
GPBP1L1,1.0
VPS36,0.0
METTL1,0.0
METTL3,0.6
METTL4,1.0
METTL5,0.340909090909
METTL6,1.0
STAT5B,0.0
FDX1L,0.0
KCTD6,1.0
KCTD5,0.0
C1orf109,1.0
HCFC1,0.891891891892
NRAS,0.758064516129
PDZD11,0.19170984456
SLC38A10,0.584905660377
PXN,1.0
LIX1L,0.0
STON1-GTF2A1L,0.0
BRAP,0.140845070423
USPL1,1.0
RNF169,0.0
RNF168,1.0
UPF3B,0.0
UPF3A,0.0
ZBTB43,1.0
BRAF,0.0
ZBTB49,1.0
P4HA1,0.0
ANP32B,0.830715532286
ANP32A,0.209401709402
FDXR,0.0
UQCC,0.0
ZFYVE19,1.0
RPF1,0.0
RPF2,0.0
ZFYVE16,0.0
TAZ,1.0
MRPL55,0.958928571429
PRIM1,0.0
MRPL51,0.8125
MRPL52,0.75
MRPL53,0.0
ZNF689,0.0
ZNF680,1.0
ZNF687,0.0
ZNF684,0.0
GRSF1,0.0
SYAP1,1.0
POP1,1.0
POP7,0.545454545455
POP5,0.0
POP4,0.0
SRSF11,0.0
FDX1,1.0
CTCF,1.0
RARS2,0.0
MMP14,1.0
NAA60,0.861111111111
GPAA1,0.447368421053
FAM133B,1.0
NCAPD2,0.0
NCAPD3,0.0
PPP1R11,1.0
PPP1R10,1.0
MMACHC,0.0
FAM199X,0.0
ZNF426,1.0
ZNF350,1.0
ZNF420,1.0
ZNF358,0.0
ATXN3,0.5
ZNF428,1.0
ZNF429,0.0
TSC2,0.0
NEDD8,0.336734693878
SCLT1,0.739130434783
ALG1L,1.0
NEDD1,1.0
SMC3,0.0
SMC2,0.957831325301
NEDD4,0.0
SMC4,0.314102564103
SMC6,0.0
LEPR,1.0
CPOX,0.0
ALG10,0.805555555556
ALG12,0.722222222222
ALG13,0.0
ALG14,0.533333333333
HEBP2,0.0
RIOK2,0.0
RIOK3,0.753424657534
RIOK1,0.955156950673
LTV1,1.0
BANF1,1.0
ARL8B,1.0
ARL8A,0.0
GYG1,1.0
TWIST1,0.239130434783
TWIST2,1.0
CDC25C,0.493333333333
CDC25B,1.0
EBAG9,0.0
IL32,0.0
NUTF2,1.0
DAB2,1.0
HYOU1,0.0
SYNJ2BP,0.322033898305
SC5DL,0.0
RAB5A,0.575
RAB5C,0.877358490566
RAB5B,0.305882352941
AMACR,0.0
SCARB2,1.0
SCARB1,1.0
SNAP23,0.0
TMSB10,0.401048492792
ANXA1,0.110429447853
ERAP1,0.0
ANXA5,0.38198757764
PRR13,0.142857142857
DDX52,0.0
DENR,0.878378378378
DDX50,0.447368421053
DDX51,0.0
CSRNP1,0.0
DDX55,0.0
COX6C,0.502392344498
GATC,0.0
BUB1,1.0
RNPS1,0.814732142857
BUB3,0.0195258019526
NUPR1,0.164179104478
UBE2E1,0.485294117647
UBE2E3,0.150568181818
EGLN3,1.0
EGLN2,1.0
NASP,0.586448598131
OGT,0.625
DUSP19,1.0
MCM2,0.0653594771242
TMEM135,0.444444444444
CCDC47,0.574324324324
CCDC43,0.0
SPRY2,0.7
FBXW8,0.0
COASY,0.962732919255
FBXO22,0.533333333333
FBXO21,0.0
FBXO25,0.5
SLC35C2,1.0
ACPL2,0.0
MCART1,1.0
GNB4,1.0
GNB1,0.257606490872
GNB2,1.0
C11orf84,0.0
SEPT2,0.236641221374
C11orf82,1.0
C11orf83,0.0
SFXN5,0.0
MCMBP,1.0
EEF1G,0.289527720739
GTF2A1,0.436170212766
GTF2A2,0.268518518519
RPA2,0.790352504638
IQGAP3,0.0
CXorf40A,0.520833333333
CXorf40B,0.866279069767
THAP3,0.0
CDYL,1.0
PCMTD2,0.0
RP2,0.516129032258
TECPR2,1.0
NDUFS7,0.0
IER5L,1.0
DYNC1H1,1.0
CALD1,0.0
CCNB2,0.835106382979
CCNB1,0.506297229219
VPS18,1.0
VPS16,0.0
NUP62CL,0.322033898305
CSTF1,0.741176470588
FIBP,0.0
CSTF3,0.482352941176
CSTF2,0.0
COQ3,0.0
C1orf124,0.32
C1orf122,0.404761904762
C1orf123,0.0
PCCB,0.0
LRRC16A,1.0
MRFAP1L1,1.0
CLN3,1.0
AUP1,1.0
TOR1AIP2,0.977443609023
RNF185,1.0
LIMA1,1.0
RNF181,0.0
TCF7L2,1.0
RNF182,1.0
PNPO,1.0
RBX1,0.0
GBF1,0.64
ZBTB24,0.0
ZBTB25,0.0
HRAS,0.0
C16orf88,0.0
MFF,1.0
C16orf80,0.424242424242
CLDND1,0.0
C16orf87,0.0
SYT11,0.466666666667
JMJD1C,1.0
EHBP1,1.0
DDT,0.0
LAMC1,1.0
GPHN,1.0
RWDD4,0.79012345679
MBIP,0.0
RWDD1,0.799336650083
PHF8,1.0
PHF6,0.724489795918
PPT2,1.0
LAMTOR2,0.0
LAMTOR3,1.0
TCHP,0.0
STRN3,0.0
C10orf2,1.0
SS18L2,0.0
VARS2,0.0
RPS26,1.0
RPS27,0.0
RPS24,0.0
RPS25,0.34250764526
RPS23,0.0
RPS20,0.785194976867
RPS21,0.0683371298405
PHC2,0.745454545455
RPS28,0.0
RPS29,0.0
CHMP1B,1.0
CHMP1A,0.0
UCHL1,0.0
NFYA,1.0
PREB,1.0
GPSM2,1.0
AIMP2,0.048
AIMP1,0.0
PRELID1,0.0
MDH2,0.405063291139
MDH1,0.593837535014
SOD2,0.116379310345
PRDM4,1.0
CBS,0.0
SMARCA5,0.258333333333
VPS33B,1.0
VPS33A,0.0
PPP6R2,0.0
PPP6R3,0.874418604651
GPX8,0.0
TMBIM6,0.342465753425
TMBIM4,0.0
TMBIM1,0.0
CASP7,0.538461538462
CASP2,0.0
CASP3,1.0
CASP8,1.0
CASP9,0.0
PICALM,0.884615384615
DOLPP1,0.0
AKT2,1.0
AKT3,0.509803921569
TTC9C,0.0
TRMT12,1.0
ANAPC16,0.408450704225
ANAPC11,0.893233082707
ANAPC13,0.242857142857
MYC,0.151515151515
ENTPD7,1.0
SNAPC3,0.0
SNAPC2,0.0
SNAPC5,1.0
TRMT1L,0.673913043478
HYAL3,1.0
XIAP,0.0
LACE1,0.0
SPC25,1.0
SPC24,0.0
METAP2,0.0
PNMA1,1.0
CSDA,0.848484848485
FAM40A,0.0
SRP14,0.0
SRP19,0.0
NPEPPS,0.0
PROCR,0.485714285714
ODF2,0.540540540541
RAB7A,1.0
KIF3C,1.0
KIF3A,0.508474576271
HADH,0.0
AP3B1,0.550724637681
PKM2,0.820436507937
STAMBP,0.0
HNRNPH1,0.0
HNRNPH3,0.507331378299
HNRNPH2,0.766956521739
RAD51AP1,0.320754716981
MRPS35,0.0
MRPS31,0.0
MRPS30,0.0
MRPS33,0.0
TBC1D7,1.0
SEL1L,1.0
SNUPN,0.0
UNC13B,1.0
HNRNPUL2,1.0
HNRNPUL1,1.0
DEGS1,0.125984251969
PAIP2,0.246835443038
PAIP1,0.46875
EMP2,0.712062256809
EMP3,0.0
EMP1,0.36170212766
AMOT,1.0
TMSB4X,0.0925297113752
TMSB4Y,0.0
CCDC23,0.0
CCDC22,1.0
CCDC25,0.471698113208
VHL,0.0
DCAF11,1.0
DCAF10,0.0
DCAF17,1.0
DCAF16,0.903846153846
TMEM111,0.74358974359
LEPRE1,0.0
TXN,0.0526107594937
BLZF1,1.0
LSM12,0.0
LSM10,1.0
UBE2G1,0.877192982456
KCTD20,0.28
SLC35E3,0.818181818182
KIAA1430,0.0
PRPF38A,0.740524781341
PRPF38B,1.0
G3BP1,0.407047387606
G3BP2,0.540772532189
KIAA0528,0.744680851064
IFNAR1,1.0
GPM6B,1.0
SGPL1,0.0
APBB1,0.0
UNKL,1.0
WDR5,1.0
WDR4,1.0
WRB,1.0
WDR1,0.0
WRN,1.0
SMARCD3,1.0
SMARCD2,1.0
SMARCD1,1.0
COX6A1,0.0
GATA3,1.0
POLR3F,0.0
CCND1,0.0
CCND3,0.518518518519
CCND2,0.811764705882
CEP290,1.0
SCNM1,0.5
TCF19,1.0
RPS27L,0.0401606425703
ACVR1B,0.0
RPS27A,0.0310179117519
UROS,0.189655172414
UROD,0.0
SERPINE2,0.0
SOX12,1.0
C6orf70,0.0
C6orf72,0.0
HMMR,0.5
PDLIM5,0.329411764706
PDLIM7,0.0
PDLIM1,0.953781512605
PDLIM3,0.0
CHRAC1,0.0
INSIG1,1.0
MCCC2,1.0
FTO,0.0
TUBGCP3,1.0
ZDHHC5,1.0
ZDHHC4,1.0
ZDHHC6,1.0
ZDHHC9,0.851351351351
FAM207A,0.0
C1orf144,0.5
HES1,1.0
HES4,0.0
KLHL24,0.0
CAPNS1,0.0
POLQ,1.0
KLHL22,0.0
SMS,0.478571428571
KLHL28,0.0
POLG,1.0
TAF12,0.924812030075
TAF11,0.0763358778626
TRIM59,0.0
POLB,0.551282051282
TAF15,1.0
FH,0.0
MT2A,0.0305810397554
POLM,0.0
POLL,0.661290322581
POLK,0.0
POLH,0.555555555556
NDUFV3,0.0
NDUFV2,0.0652920962199
NDUFV1,1.0
CCNDBP1,0.0
PSMD6,0.0
PMP22,0.228070175439
TAF1A,0.5
TAF1D,0.514285714286
GSTZ1,1.0
KRTCAP2,0.0
CUL2,0.388157894737
TMEM8B,1.0
HS2ST1,1.0
SGMS2,0.0
SGMS1,1.0
PRC1,0.637860082305
RPTOR,1.0
EPS15,1.0
QKI,0.0
PPFIA1,0.0
HMGCL,0.0
ZNF649,1.0
ZNF644,0.5
DYNLRB1,0.147540983607
HSD17B4,0.5
CREB5,0.0
HSD17B6,0.0
HSD17B7,0.0
GTPBP10,0.0
TRIM27,1.0
CYR61,0.415789473684
STON1,0.0
RTN4,1.0
CDH24,1.0
ARPC2,0.150537634409
KPNB1,0.865137614679
HGS,0.0
RTN2,0.0
R3HDM1,1.0
ABR,1.0
SPATA5L1,1.0
ACTR6,0.0
C7orf68,1.0
BACE1,1.0
PRCC,0.891428571429
IER5,1.0
SLU7,0.757575757576
IER2,1.0
IER3,0.0
ZNF468,0.621739130435
ZNF462,1.0
CYB561D2,0.525773195876
ZNF394,1.0
ZNF395,0.0
HUWE1,1.0
ARAF,0.5625
NUDT22,0.0
NUDT21,0.683035714286
PEBP1,0.272058823529
FAM173B,0.0
SPIN4,0.328947368421
SPIN1,0.272727272727
SPIN3,1.0
IFT57,0.159292035398
ILVBL,0.0
TNFRSF21,1.0
TEX264,0.0
HTATIP2,0.62962962963
B7H6,1.0
RNMT,0.764705882353
DDAH2,1.0
SLC29A1,0.279661016949
ARL4D,0.0
SHPRH,0.0
ARL4A,0.816326530612
CSK,1.0
C6orf203,0.0
CNOT10,0.595744680851
MKI67IP,0.0
TELO2,0.297297297297
GALNT7,1.0
FAM103A1,0.888217522659
RFC5,1.0
RFC4,0.913907284768
RFC1,1.0
RFC3,0.0
KIF11,0.655172413793
SH3BP2,1.0
CBX8,0.0
YTHDF2,0.636363636364
CBX6,0.463636363636
CBX5,0.563025210084
CBX3,0.866261398176
CBX1,1.0
FASTKD5,0.467391304348
FASTKD2,1.0
PSEN2,1.0
PSEN1,1.0
WDR26,0.0
WDR27,1.0
WDR24,1.0
CYB5D2,1.0
WDR20,1.0
RAB10,0.545454545455
RAB13,0.131313131313
SRP72,0.0
RAB14,1.0
PPP1R12A,1.0
RAB1A,0.55
CKS2,1.0
PAF1,1.0
RAB1B,0.184615384615
LOC221710,0.0
IGF2BP1,0.602040816327
IGF2BP3,1.0
TDRKH,1.0
KIF1C,0.893617021277
HKR1,1.0
ERCC8,0.5
ERCC1,1.0
ERCC2,0.0
ERCC3,0.0
ERCC6,0.0
MRPS17,0.0
MRPS16,0.888888888889
MRPS15,0.0
MRPS14,0.0
MRPS12,1.0
LOXL1,1.0
UNC119,0.0
UBE2I,0.990412979351
PFKP,0.0
PFKM,0.0
SUZ12,0.0758620689655
FAM125A,0.0
LMAN2L,0.0
MFSD8,0.0
CCHCR1,1.0
LSM4,0.0
LSM5,1.0
LSM6,0.0
LSM7,1.0
WARS,0.496598639456
LSM2,0.724137931034
LSM3,0.0657276995305
MZT1,0.0
TAMM41,1.0
SSR1,0.0
SSR2,0.872210953347
SSR3,0.0
SSR4,0.0321100917431
NCDN,0.520661157025
KAT6A,1.0
ZNF772,1.0
APOC1,0.0
SELENBP1,0.0
NSFL1C,0.0
ZNF337,0.0
LAS1L,0.0630136986301
SLC25A22,1.0
ANXA11,0.380952380952
SLC25A24,0.0
PRMT10,0.0
COPB1,1.0
COPB2,0.221518987342
ISG20L2,0.451219512195
KDELC1,1.0
CARM1,0.0
B9D2,1.0
B9D1,0.545454545455
MKS1,0.0
PAFAH1B2,0.177215189873
PGK1,0.57824933687
BECN1,1.0
TNIK,1.0
KIAA0101,0.0
KIAA0100,0.0
SNX17,0.860946745562
SNX15,1.0
SNX14,0.0
SNX13,1.0
SNX12,0.0
SNX11,1.0
SNX10,1.0
SNX19,1.0
R3HCC1,1.0
DPM3,0.0
DPM2,0.0
CTDSP2,0.881720430108
MARCKSL1,0.0
LY6E,0.258177570093
APOA1BP,0.0
RABGEF1,0.0
OCLN,0.78
TYW1,1.0
TMEM87A,0.0
TYW3,0.571428571429
ARPC5L,0.0
TMTC3,1.0
CREG1,0.0
CYCS,0.43537414966
GPD2,0.0
MICU1,0.675675675676
TSNAX,0.660194174757
SON,0.0
NIPBL,0.5
GAL,0.0
C2orf76,0.0
NRGN,0.0
SUV39H2,0.5
NUMB,0.545454545455
TAF7L,0.0
OSGEPL1,1.0
COMMD10,0.0
TFCP2,1.0
CKAP2,0.470588235294
CKAP5,0.595419847328
SCO2,0.0
SCO1,0.0
UGP2,0.288888888889
ITSN1,1.0
MMADHC,1.0
PRAF2,0.0
ZNF668,0.0
ZNF664,1.0
ZNF665,0.0
ZNF667,1.0
SCAMP2,1.0
SCAMP3,0.617834394904
C7orf42,0.387096774194
TSPAN3,1.0
C7orf41,0.0
TSPAN6,0.159663865546
C7orf47,0.0
C7orf44,1.0
C7orf49,1.0
TDP1,0.592592592593
ZNF444,1.0
ZNF440,1.0
EPT1,1.0
L3MBTL2,0.0
CINP,0.0
C9orf7,0.0
SLAIN2,1.0
C9orf5,0.0
C9orf3,0.0
PSENEN,0.748768472906
ATG9A,1.0
ZFC3H1,1.0
OS9,0.0
SH2D4A,1.0
STAG2,0.919047619048
STAG1,0.6875
DSTN,0.662109375
AP1G1,0.886363636364
AP1G2,0.0
TMEM50B,0.0
TMEM50A,1.0
BUD31,1.0
EHD4,0.0
EHD1,0.451612903226
NDEL1,1.0
OBFC1,1.0
TMED7,1.0
TMED5,1.0
TMED3,0.0
TMED2,0.225680933852
TMED1,1.0
BAIAP2L1,1.0
HNRNPU,0.800524934383
HNRNPK,0.646810753822
HNRNPL,1.0
HNRNPM,0.0
HNRNPC,0.943673638434
HNRNPD,0.665629860031
HNRNPF,1.0
HMGA2,0.66
HMGA1,0.155786350148
FAM63B,1.0
GOLM1,0.112244897959
RNF167,0.923076923077
XKR6,0.0
GLUD1,0.649572649573
HSP90AA1,0.0481481481481
TADA1,0.0
TADA3,0.83606557377
C9orf16,1.0
CD59,0.106261859583
SCP2,0.344827586207
RAB35,1.0
RAB34,0.0
HJURP,0.0
C6orf225,0.544117647059
PLS1,1.0
PLS3,0.143262411348
PDIA6,0.134453781513
C1orf201,0.74358974359
PDIA3,0.483870967742
ELF1,0.478260869565
ARMC8,1.0
PDPK1,0.0
DACH1,0.0
ARMC7,0.755555555556
ARMC2,1.0
ARMC1,0.834951456311
AARS,0.0
CD164,0.12037037037
ACTL6A,1.0
TSGA14,0.0
C5orf54,1.0
SPATA7,0.0
RANGRF,0.792207792208
HSPA5,0.905194805195
HSPA4,1.0
HRSP12,0.0
HSPA9,0.0751043115438
HSPA8,0.0339393939394
FTSJ3,1.0
C11orf58,0.552894211577
PPP2R2A,0.761904761905
PCSK7,1.0
CEP89,1.0
ANP32E,1.0
CTBP1,0.705882352941
CTBP2,1.0
TSG101,0.0
ITPK1,0.719298245614
HACL1,1.0
MFSD11,0.0
GTF3C2,0.0
GTF3C1,0.0
GTF3C6,1.0
GTF3C5,0.812030075188
GTF3C4,0.0
XPO1,1.0
XPO5,0.296167247387
XPO7,0.392405063291
XPO6,0.884955752212
TTK,0.0
TTL,1.0
GAR1,0.553633217993
XPOT,0.690476190476
SOLH,1.0
DNASE1L1,1.0
GART,0.0535279805353
ZEB1,0.0
GARS,1.0
ATAD5,1.0
SFT2D2,0.0
SFT2D1,0.0
ATAD1,0.171717171717
IBTK,1.0
TOP1,0.925373134328
ATAD2,0.347826086957
C22orf28,0.0
C22orf29,1.0
TMEM192,1.0
SESN2,0.454545454545
C1orf15-NBL1,1.0
MTIF3,0.666666666667
MTIF2,1.0
PELI1,0.0
PELI3,0.0
TUBB2A,0.0
SPARC,0.0
MRPL50,0.0
AIG1,0.0
DBNDD2,0.0
ENOPH1,0.682051282051
NFRKB,0.0
FAM20B,0.6
CXXC5,1.0
CARKD,1.0
AGGF1,1.0
C6orf35,0.0
MAGEA1,1.0
MAGEA4,1.0
OPHN1,1.0
FIP1L1,1.0
NOLC1,0.0
THAP1,0.0
SNW1,0.0
THAP4,0.0
THAP5,0.4
CALCOCO1,0.44
MLF1IP,0.0
CHID1,0.222222222222
EWSR1,0.0
TRIM11,1.0
RPN1,0.0
TRIM13,1.0
PES1,1.0
EFNB1,1.0
ASB3,0.0
ASB1,0.0
ASB6,1.0
SLC16A14,1.0
ASB8,0.666666666667
CIRBP,0.329428989751
DPY30,1.0
RINT1,1.0
TBL2,0.0
SH3BGRL,0.423076923077
KHNYN,1.0
DBI,0.970350404313
DDX41,0.0
PGAM5,0.0
TMEM48,1.0
DBP,1.0
UQCRFS1,0.0
DBT,1.0
SERINC1,0.961685823755
SERINC3,0.952380952381
ASTE1,0.416666666667
MED1,0.0
MED6,0.0
MED7,0.0
MED4,0.0
ZNF600,1.0
ZNF605,1.0
CAMTA2,0.5
CAMTA1,0.0
CCDC90A,1.0
CCDC90B,0.299145299145
GCA,1.0
ABTB1,0.5
PPP5C,0.0
NXPH4,0.320754716981
MDN1,0.0
AMPD2,0.783783783784
C20orf30,1.0
SNRPA1,0.0
PRPF40A,0.0
MCART2,1.0
UTP15,1.0
UTP18,0.0
UBE2D4,1.0
GPCPD1,0.0
DPAGT1,0.415384615385
SEPHS2,1.0
SEPHS1,1.0
QTRTD1,0.745098039216
RPS4X,0.113695841814
SLMO2,1.0
ATXN2L,0.0
DLST,0.0
ISY1,0.296296296296
F2RL1,1.0
XAB2,0.0
PRDX6,0.0
PRDX4,0.0508905852417
PRDX3,0.0
PRDX2,0.0882778581766
PRDX1,0.152405278842
AP3S2,0.162393162393
AP3S1,0.455555555556
PITX1,1.0
OTUB1,0.0
NPTN,0.0
ERO1LB,0.541666666667
ZNF559-ZNF177,1.0
SNAPIN,0.0
VASP,1.0
PAPOLG,0.661016949153
PAPOLA,0.0
KATNB1,1.0
DCAF6,1.0
DCAF5,1.0
DCAF4,0.0
DCAF8,0.0
ERV3-1,1.0
ZFX,0.797619047619
ZFR,0.0
TXNDC9,0.661016949153
POLR3G,0.0
POLR3D,0.0
POLR3E,1.0
POLR3B,0.0
POLR3C,1.0
POLR3A,0.0
POLR3K,0.0
POLR3H,1.0
DNMT1,0.0
CYP51A1,1.0
WDR61,1.0
WDR67,0.0
HOXD8,1.0
SLC25A3,0.813559322034
PRMT3,0.0
SLC25A1,1.0
PRMT1,0.0
SLC25A6,1.0
SLC25A5,0.04140561155
PRMT5,0.5
HMGCR,0.0
MTPAP,0.0
ORMDL2,0.0
ORMDL3,0.0
ORMDL1,0.454545454545
KIF5B,0.927696078431
IFNGR1,0.0
SEC16A,0.710526315789
ACADL,0.0
ACADM,0.44
IARS2,0.0
USP48,1.0
USP46,1.0
CDK2AP2,0.0
CDK11A,0.0
FAM203A,0.0
SCRN3,0.5
SCRN1,1.0
BLM,1.0
ATOX1,0.0
ACAD9,0.0
UEVLD,0.0
LENG8,1.0
TPRG1L,0.0
C10orf46,1.0
USP8,1.0
RPS7,0.0740611961057
RPS6,0.0
RPS5,0.173480662983
RPS3,0.0
RPS2,0.0
VDAC3,1.0
VDAC2,1.0
RPS9,0.0
RPS8,1.0
DHX57,0.0
DEF8,0.5
ARPP19,0.0
TMEM203,0.0
TMEM205,0.979123173278
TMEM206,0.0
SLC6A15,0.564705882353
HMGCS1,0.672256097561
GALE,1.0
GALM,0.391304347826
NUP50,0.855813953488
RPSA,0.538314176245
NUP54,0.0
TAPBP,1.0
CSNK2B,0.0881118881119
MCM3AP,0.0
RPL29,0.39406779661
RPL28,0.0
PCYOX1,0.0
RPL24,0.0
RPL27,0.0
RPL26,0.0
RPL21,0.0151187904968
RPL23,0.0164293537788
ATG3,0.0
SLC16A13,1.0
ATG5,1.0
EYA2,1.0
SMARCB1,0.33
CALHM2,0.793650793651
MRPS2,0.0
ZUFSP,1.0
VEZT,0.0
FXYD6,0.0
FXYD5,1.0
MAFK,0.617647058824
PLIN2,0.0
PLIN3,0.347517730496
SMAP1,1.0
RBPJ,0.5
ABCB1,1.0
SNRNP35,0.0
MED16,0.275862068966
WDR55,0.0
MBTPS2,0.127659574468
KRAS,0.0
ACYP1,0.0
MAF1,1.0
ARPC1A,0.466666666667
ACSL1,1.0
ACSL4,1.0
ADAM9,1.0
EGFL7,0.0
CHTF8,0.379310344828
ARPC1B,0.0
EEF1D,0.616122840691
TRIM38,1.0
RPL8,0.174522292994
RPL9,0.769911504425
TRIM33,0.0
RPL7,0.0
RPL4,0.0
RPL5,0.0183486238532
TRIM37,0.830769230769
RPL3,0.113467656416
G6PC3,1.0
FEN1,1.0
THAP11,1.0
LUC7L,1.0
ZC3H7A,0.4
SCD,0.796095444685
ZNF585A,1.0
ZNF585B,0.0
ARMCX5-GPRASP2,1.0
FLYWCH2,1.0
TROAP,1.0
RCN1,1.0
RHOU,1.0
ACO1,0.0
RHOB,1.0
RHOA,0.28722334004
ACO2,0.0
RHOG,0.0909090909091
SUV420H2,1.0
TMEM66,0.0
TMEM65,1.0
TMEM60,1.0
TMEM69,0.425742574257
TMEM68,1.0
ITM2C,0.0
ITM2B,0.116666666667
CIR1,0.0
IQCF3,1.0
UGT8,0.0
OGFOD1,0.205479452055
ZNF629,1.0
ZNF625,0.0
ZNF626,1.0
ZNF627,0.0
ZNF620,0.0
ZNF622,1.0
ZNF623,1.0
RPL6,0.745614035088
TRIM32,0.728813559322
APAF1,0.5
BRWD3,1.0
ADM,0.530201342282
ADK,0.0
ZNF483,0.0
ZNF484,0.571428571429
ZNF485,0.5
DECR1,0.0
JUNB,0.530612244898
JUND,0.0
HIST1H2AM,0.0
HIST1H2AE,0.0
HIST1H2AG,0.0
HIST1H2AC,0.0433746425167
PRPF19,0.355113636364
PRPF18,0.0
HIGD1A,0.0
FAM179B,1.0
TRAF2,0.0
TRAF4,0.0
TRAF6,0.785714285714
TRAF7,1.0
HOOK3,0.0
ESD,0.0
ABCC10,1.0
DKC1,0.0
MOV10,0.413793103448
LASP1,0.111111111111
MOCS1,0.0
COMMD9,0.0
COMMD2,0.0
COMMD3,0.0
COMMD6,0.0
COMMD4,1.0
COMMD5,1.0
METTL18,1.0
METTL13,1.0
METTL10,0.0
METTL16,1.0
METTL14,0.0
METTL15,0.816666666667
ZMYM2,1.0
ZMYM3,0.684210526316
ZMYM1,1.0
TMEM184B,1.0
TMEM184C,1.0
SHFM1,0.638709677419
ZSCAN18,1.0
FLYWCH1,1.0
ZSCAN16,0.361111111111
ENOX2,1.0
RPS17L,0.0
ANO6,0.25
CELF2,0.0
CELF1,0.0
POLR1A,1.0
POLR1B,0.0
POLR1C,0.0
POLR1D,0.0
POLR1E,1.0
WDR41,1.0
DUS1L,1.0
WDR45,0.0
WDR47,1.0
GTF2B,1.0
GTF2I,0.872727272727
HOXB9,1.0
HOXB7,0.0
PPARD,1.0
C5orf13,0.0
C5orf15,0.155405405405
MAGOHB,0.0
TFB2M,0.0
ASH2L,0.761904761905
MKRN1,0.0
RHOC,0.602941176471
DYRK3,1.0
MKRN2,0.0
RGMA,1.0
NR2F1,1.0
NR2F2,1.0
F11R,1.0
DDB2,0.2
ELL2,1.0
BHLHB9,1.0
MCAT,0.0
APOBEC3D,0.0
APOBEC3G,1.0
APOBEC3C,0.117117117117
APOBEC3B,0.0
HSPE1,0.177297297297
PRKD2,1.0
CTTN,0.891986062718
DHFR,0.0
NARG2,0.5
EIF2S1,0.462532299742
EIF2S3,0.0
HIST2H4A,0.0
LPIN1,0.0
KLF6,1.0
KLF3,0.365591397849
EFR3A,0.0
KLF9,1.0
KLF8,1.0
HEATR3,1.0
HEATR1,0.648351648352
FAM189B,1.0
REST,1.0
SFSWAP,1.0
DEDD,1.0
NUP37,0.25
MAP3K11,1.0
ZNF547,1.0
MAP3K13,1.0
ADNP2,0.0
ZNF543,1.0
SLC1A4,0.595238095238
SLC1A5,0.722826086957
ZNF548,1.0
FUCA2,1.0
SLC1A3,1.0
DYNC1I2,1.0
IKBKB,1.0
DCTPP1,0.0
IKBKG,0.821428571429
RARA,1.0
GNL2,1.0
GNL1,0.674418604651
RARG,1.0
DHRS7,0.0
DHRS4,0.0
DHRS2,0.75
DHRS1,1.0
RARS,0.343163538874
MIPEP,0.0
DYRK1B,1.0
CCNL1,0.5
DHRSX,0.0
NOMO2,0.0
NOMO3,0.0
NOMO1,0.0
SMARCAL1,0.69696969697
IMPA1,0.0
MTFP1,0.545454545455
TPR,1.0
PHGDH,0.167832167832
KITLG,1.0
SNAI1,0.0
PTTG1IP,1.0
OSBPL11,1.0
PTGES3,0.384820951363
SLC2A6,0.0
SLC2A3,0.0
SLC2A1,1.0
ECHS1,0.0
PLAGL2,0.48
SYF2,0.0
VANGL1,0.0
EXO1,1.0
ZBTB8A,0.25641025641
CHAC2,1.0
RFK,1.0
EXOG,0.0
CDKAL1,0.513043478261
TMEM126A,0.0
TMEM126B,1.0
RCOR1,1.0
TIGD7,1.0
SET,0.83203125
H1FX,0.947204968944
VKORC1,0.372727272727
OXSM,0.0
SUGP2,0.0
H1F0,0.201716738197
RCL1,1.0
MRPS18A,0.0
MRPS18B,0.0
MRPS18C,0.0
ELMOD2,0.595238095238
S100PBP,1.0
SKIV2L2,0.36
NRARP,1.0
TAF9B,0.0
AMOTL1,1.0
SF3B5,1.0
SF3B4,0.0
SF3B3,0.906542056075
SF3B2,0.0
MAGEF1,0.636363636364
FAM13A,1.0
NSMCE4A,0.0
ELAC1,0.0
ELAC2,0.0
SEPX1,0.0
DDHD2,1.0
DNAJC17,0.0
DNAJC14,1.0
DNAJC12,1.0
DNAJC10,1.0
DNAJC11,0.0
EPRS,1.0
FEM1B,1.0
ASF1A,1.0
ASF1B,0.0
DNAJC19,0.849056603774
EDF1,0.0
SUPT16H,0.0
MLL,0.0
LMAN2,0.0
SCML2,0.0
MLX,0.0
SCML1,1.0
FAM195A,0.0
ITPA,0.408602150538
ADD3,0.555555555556
ADD2,1.0
ADD1,0.163157894737
PPP4R1,0.0
ZNF518B,1.0
CWC27,1.0
CWC25,1.0
TMED10,0.0
LTBR,0.62962962963
PRPF39,1.0
PRPF31,0.0
IER3IP1,0.0
PET117,0.0
PET112,0.0
ZNF207,0.854586129754
ZNF205,0.0
ZNF202,1.0
ZNF200,1.0
IDH2,0.0
IDH1,0.738095238095
PRR14L,0.0
SETD3,0.0
SETD5,0.679245283019
SETD7,0.0
SETD6,0.0
PSRC1,0.245614035088
DZIP3,0.6
DZIP1,1.0
THADA,1.0
PRSS23,0.0
LXN,0.260869565217
SURF6,0.0
EME1,0.0
GLYR1,1.0
BRE,0.167741935484
TP53,0.953125
MOGS,0.0
STX1A,0.0
RPS15A,0.0963855421687
HARS,0.0
SRPRB,0.0
CTDNEP1,1.0
MKLN1,0.0
FAIM,0.741697416974
RAB9A,0.485507246377
C5orf34,1.0
C5orf32,0.158823529412
FARSB,0.0
FARSA,0.144329896907
STX12,0.0
STX17,1.0
C9orf72,0.0
ZMIZ2,0.0
ZMIZ1,1.0
URM1,0.0
C9orf78,0.0
LIPA,0.530612244898
CUTA,0.607843137255
CUTC,0.4375
MOSPD2,0.0
MOSPD1,1.0
PAN2,1.0
PCDHGA11,1.0
TLN1,0.0
DPP9,1.0
DPP3,0.0
COQ10B,0.0
GLTSCR2,0.0
IK,0.28125
PHF5A,0.0
NOC3L,0.811320754717
RNFT2,1.0
RNFT1,1.0
TMEM167B,0.876404494382
TMEM167A,0.126050420168
ELOF1,0.0
DHX16,1.0
DHX15,0.133986928105
LEPROT,0.0
LDOC1,0.228260869565
DGCR8,1.0
MUM1,1.0
DGCR2,0.676470588235
NDUFB11,0.0
GOT2,0.58282208589
GOT1,0.088122605364
RNASEL,0.0
QTRT1,0.0
BRAT1,0.0
C18orf19,0.0
C18orf10,1.0
CCDC82,1.0
FBXL3,1.0
FBXL5,0.0
CCDC86,0.0
CTR9,1.0
DARS2,0.931623931624
ZNF568,1.0
ZNF567,1.0
ZNF566,0.0
ZNF559,1.0
ZNF561,1.0
STMN1,0.840490797546
STMN3,0.545454545455
IKBIP,0.0
DCLK2,1.0
RNH1,0.656394453005
TOMM22,0.0
UBE3C,0.272727272727
UBE3A,1.0
TOP2A,0.472772277228
TRO,1.0
MTFR1,1.0
GLOD4,0.0
SDC2,0.938888888889
ELOVL7,0.263157894737
ELOVL4,1.0
ELOVL5,0.467432950192
ELOVL2,0.0
ELOVL1,0.405882352941
KIAA0182,1.0
DIABLO,0.0
CWF19L1,0.0
NAA20,0.0
NAA25,0.0
SGCE,0.0
TECR,0.0746268656716
CNKSR2,1.0
DUSP4,1.0
SNRNP70,1.0
DUSP1,0.730455075846
DUSP3,0.0
LRRC8D,1.0
LRRC8A,1.0
RBL1,0.0
RBL2,1.0
RDX,0.312925170068
HEY1,1.0
MTF2,0.951417004049
RPL36,0.0589740607189
RPL37,0.0
TBC1D13,1.0
FBL,1.0
AUTS2,1.0
NUMA1,0.670886075949
HSPA1B,1.0
HSPA1A,1.0
IKBKAP,1.0
ZBED4,1.0
IDH3A,0.0
IDH3B,1.0
IDH3G,0.0
DGKE,0.0
TMEM106B,0.359550561798
TMEM106C,0.884444444444
CNP,1.0
MPHOSPH8,0.0
NEK2,0.684210526316
RTEL1,1.0
NPM1,1.0
NPM3,0.0
PEMT,0.0
ZNF286A,0.0
TXNDC17,0.0
RUVBL2,0.0
TXNDC11,0.0
TXNDC12,0.0
PPCS,0.711538461538
SCFD1,0.5
SCFD2,0.0
PPP3R1,0.554455445545
IQCB1,0.411764705882
MEN1,1.0
SEMA4D,1.0
BYSL,1.0
OTUD7B,1.0
C10orf118,0.735849056604
TMCO1,0.920792079208
SP110,0.0
SERP1,1.0
CNDP2,0.683229813665
NPL,1.0
STRBP,1.0
AHR,1.0
ENC1,0.0
TXNRD1,0.993457473578
STK38L,0.0
ACTA2,0.588235294118
ZNF195,0.698412698413
ZNF192,0.638888888889
ZNF193,1.0
PDS5A,0.0
PDS5B,0.0
TSTD2,1.0
TADA2A,1.0
NR2C2AP,0.477272727273
PAICS,1.0
DYNC2LI1,0.154761904762
PUS7L,1.0
ZNF223,1.0
ZNF224,1.0
ZNF225,0.0
ZNF226,0.755102040816
ZNF227,0.0
ZNF229,1.0
VEGFA,0.0
VEGFB,1.0
BNIP3,0.756302521008
FLOT1,0.0
FLOT2,0.0
OTUD5,0.0
AP3M1,0.8828125
AP3M2,0.492537313433
AKAP13,0.679245283019
AKAP11,1.0
HTRA1,0.0
BSDC1,1.0
AIP,0.35
C17orf89,0.0
C17orf80,1.0
C17orf81,1.0
PLA2G16,1.0
C6orf115,0.165217391304
ABT1,0.0
LAPTM4A,0.529680365297
SPCS2,0.0
SPCS3,0.107382550336
ANKH,1.0
EGFR,1.0
KIAA0649,1.0
WDR82,1.0
WDR83,0.285714285714
CTNNAL1,0.0
WDR89,1.0
MAP9,1.0
ESYT1,0.0
IMPDH2,0.0
PEA15,0.0520833333333
APPBP2,1.0
QRICH1,1.0
EXOC2,1.0
EXOC3,0.0
EXOC1,1.0
EXOC7,0.0
EXOC8,0.0
ANK3,1.0
MGAT4A,1.0
MGAT4B,1.0
BZW1,1.0
BZW2,1.0
RAD18,0.0
TNRC6B,1.0
DEPDC1B,0.0
USP20,1.0
ADAMTS1,0.955257270694
ARHGEF7,1.0
COTL1,0.0
ARHGEF1,0.0
GMCL1,1.0
CDH2,1.0
CENPO,0.811111111111
CENPN,1.0
CENPM,0.0
CENPL,0.75
CENPK,0.812030075188
CENPH,0.670588235294
CENPF,0.394557823129
CENPA,1.0
LDB1,1.0
PALM,1.0
TERF2IP,0.571428571429
CENPW,0.619217081851
CENPV,0.0
CENPQ,0.0
CENPP,1.0
PDXDC1,0.641509433962
PLEKHA5,0.0
PLEKHA1,0.764705882353
PLEKHA3,1.0
SLC9B2,1.0
CTPS,0.179775280899
SEC62,0.0
SEC63,1.0
DHX38,1.0
TRIB2,1.0
DHX34,1.0
DHX35,0.0
DHX36,0.0
WDHD1,0.0
CABIN1,1.0
ZNF765,0.112244897959
ZNF764,0.0
ZNF766,0.0
TPT1,0.405654383736
JTB,1.0
SUPT6H,0.0
C18orf32,0.0
DOPEY1,1.0
ZNF500,0.0
ZNF506,1.0
GPBP1,1.0
RPL41,0.0
ZNF343,1.0
RACGAP1,0.0
MYH9,1.0
NUAK1,1.0
ZNF347,0.707317073171
NRSN2,1.0
CADM1,0.0
PUS1,1.0
FGD1,1.0
PUS7,1.0
CNNM2,1.0
HHLA3,0.0
PIP5K1A,1.0
PHF14,0.66875
POLA2,1.0
POLA1,0.0
SMN1,0.0
PHF11,0.0
PHF13,0.717391304348
ZNF711,0.285714285714
MEGF8,1.0
SLC5A3,1.0
CCNB1IP1,1.0
SLC5A6,1.0
UBN1,1.0
PITHD1,1.0
NAA40,0.0
RB1,1.0
ARC,0.0
ZBTB2,0.0
ZBTB1,0.0
MAT2A,0.242718446602
ZBTB6,0.0
ATAD3A,0.0
NBR1,0.31914893617
BOD1L,0.0
CASC3,0.0
CASC4,1.0
C20orf108,0.0
HN1L,0.0
CUL4B,0.781818181818
BOLA1,1.0
RIPK2,1.0
IMMT,0.5
GLCCI1,1.0
SLC6A6,1.0
NDUFB9,0.0
NDUFB8,0.0
NDUFB7,0.0
NDUFB6,0.125265392781
NDUFB5,0.0
NDUFB4,0.0
NDUFB3,0.085409252669
NDUFB2,0.0
C12orf57,0.8
SUGT1,1.0
C12orf52,1.0
FAM50A,0.0
ZC3HAV1,1.0
MAPRE1,1.0
MAPRE3,0.0
ANKRD46,0.673076923077
ANKRD40,0.0
ANKRD49,1.0
MRRF,0.341463414634
PHB,0.386398763524
RSRC1,1.0
RNF219,0.0
RNF216,1.0
MED21,0.0
MED20,0.0
ENAH,0.716814159292
MED22,1.0
MED24,0.825396825397
SEPT9,0.772727272727
SEPT8,1.0
FNBP1L,0.0
TRIAP1,0.0
RBM34,1.0
YARS,1.0
RBM39,0.922594142259
RBM38,1.0
EPHB3,1.0
POM121,1.0
EPHB4,1.0
PARP4,1.0
PARP6,1.0
EPN1,0.0
PARP1,0.495515695067
EPN2,1.0
BCCIP,0.0
ALDH4A1,0.0
MELK,0.483333333333
NVL,0.5
DSN1,0.0
ZNF32,0.756097560976
SH3GL1,1.0
MPST,0.0
C21orf59,1.0
FHL2,0.588235294118
FHL3,1.0
FHL1,0.798065296252
PUS10,0.0
FTH1,0.509654062751
UGGT2,0.0
UGGT1,1.0
ZNF248,1.0
ITPRIPL1,1.0
ALDH7A1,0.0
PAWR,1.0
RAD51C,0.0
GATAD2B,0.837209302326
GATAD2A,0.692307692308
HMGXB3,1.0
HMGXB4,1.0
BAHD1,0.0
DCLRE1B,1.0
DCLRE1C,0.75
DCLRE1A,1.0
ECT2,0.0
STAM2,0.0
ZCCHC9,0.665467625899
ZCCHC7,0.0
ZCCHC6,0.0
C17orf61,1.0
C17orf62,1.0
C17orf65,1.0
SPOP,1.0
ZNF131,0.0
THTPA,1.0
ARID3A,1.0
UPP1,0.734693877551
ARID3B,1.0
C6orf136,0.208333333333
MUDENG,0.76
DARS,0.75
GLRX5,0.0
GLRX2,0.0
PIH1D1,1.0
S100A11,0.0
S100A10,1.0
S100A13,0.68045112782
C19orf42,0.0
C19orf43,0.0
AHCYL1,1.0
ACP2,0.0
NUSAP1,0.496031746032
C19orf48,1.0
SEPT10,0.0
SPAG9,0.0
SPAG7,0.0
PRRC2A,1.0
SPAG5,1.0
OSTF1,1.0
KLHL7,0.8
KLHL5,0.0
RAE1,1.0
KLHL8,1.0
KLHL9,0.714285714286
FUT10,1.0
FAM82A2,0.0
PTMA,0.646748522055
KDELR2,0.387096774194
KDELR3,0.0
KDELR1,0.43137254902
HIRIP3,1.0
ST13,0.0
MOBKL2A,1.0
CDV3,0.428571428571
TCTN3,0.0
CMAS,1.0
AKT1S1,1.0
BSCL2,1.0
POMGNT1,1.0
CLDN12,0.890909090909
FNBP4,0.0
APOOL,0.0
GAD1,0.0
ZNF740,0.0
ZNF749,1.0
PHIP,1.0
AGTRAP,0.0
MPV17L2,0.0
GOPC,1.0
C18orf55,0.0
YTHDC2,0.541666666667
DDB1,0.594989561587
ZNF529,1.0
ZNF528,1.0
FEZ1,0.0
STEAP3,0.0
ARHGEF25,1.0
BCL11A,1.0
GCLM,1.0
AVL9,1.0
UBQLN2,0.51968503937
UBQLN1,1.0
C1GALT1,1.0
OSMR,0.0
WHAMM,1.0
FAM165B,0.533333333333
DAPK3,0.409090909091
DAPK1,1.0
RFXANK,0.833333333333
DPY19L3,0.5
DPY19L4,0.0
PIM3,0.0
PIM1,1.0
ZFPL1,0.379746835443
MYNN,0.0
TMEM39A,1.0
GORAB,0.0
UBL5,0.254646840149
UBL7,1.0
UBL3,1.0
POLG2,1.0
FKBP4,1.0
FKBP5,0.393442622951
FKBP2,0.0
SLC27A4,0.583333333333
FKBP9,1.0
GABARAP,1.0
SV2A,1.0
ZNF284,1.0
BRP44,1.0
GRB10,1.0
GM2A,1.0
GPR172A,1.0
PRRC1,0.912408759124
CSRP1,0.0
CSRP2,0.413043478261
TBCE,0.723404255319
A2LD1,0.774193548387
HSD17B12,0.234939759036
ATP6V1D,0.7734375
HSD17B10,0.0
HSD17B11,0.0
ATP6V1A,0.0
RASL10B,1.0
DTL,1.0
ATP6V1H,1.0
NHP2L1,0.214285714286
C12orf35,1.0
GLTP,0.0
ARNTL,1.0
KIF2A,1.0
MMD,0.0
GPX1,0.0
SLC22A5,0.0
PDRG1,0.0
PDE6D,1.0
MYBBP1A,0.0
FLNA,0.0
EFCAB7,0.0
ANKRA2,1.0
NPDC1,1.0
SGOL2,0.0
PRKCSH,0.220143884892
PSAT1,1.0
RBM12,0.673835125448
RBM10,1.0
RBM17,0.0
RBM14,0.0778210116732
RBM18,0.845878136201
TPRA1,1.0
RXRA,0.0
ALDH9A1,0.0
MVK,1.0
YAP1,0.620689655172
SUCLA2,0.0
RELL2,1.0
ABCA3,1.0
TUBGCP2,0.578947368421
CIZ1,0.0
TUBGCP4,1.0
TUBGCP6,1.0
HAND1,0.0
PSMD9,0.341176470588
PSMD4,1.0
PSMD7,0.73732718894
FLAD1,1.0
PSMD1,0.731292517007
PSMD3,0.943396226415
ZNF18,1.0
ZNF14,1.0
ZNF16,0.0
ZNF12,0.0
HIST2H4B,0.0
RPGRIP1L,0.0
EIF2S2,0.798507462687
KIAA1737,1.0
KIAA1731,0.647058823529
RRN3,0.0
MCFD2,0.810810810811
COPS7A,0.142857142857
NAF1,1.0
ZC4H2,0.4
NCK1,0.0
NCK2,1.0
KIF13A,0.0
GCSH,0.0
LSMD1,1.0
UPRT,1.0
HPS5,1.0
HPS4,1.0
HPS1,1.0
DOM3Z,0.52
NFE2L3,1.0
NFE2L2,0.0
NFE2L1,1.0
ZNF264,1.0
ZNF267,0.694915254237
ZNF260,1.0
ZNF263,1.0
ZNF268,1.0
C17orf42,0.0
NCKIPSD,0.0
ASNSD1,1.0
PTAR1,0.0
C17orf48,0.0
SCAND1,0.862068965517
STK17B,1.0
ZC3H11A,1.0
MANEA,1.0
YEATS2,0.521739130435
YEATS4,0.428571428571
YIPF1,0.5
YIPF3,0.670212765957
YIPF2,0.0
YIPF5,1.0
YIPF4,1.0
YIPF6,0.0
SDR39U1,0.0
CYB5R1,0.0
SPTAN1,0.0
SUDS3,0.6
KIF23,0.771428571429
BTF3L4,0.811111111111
MCTS1,0.703196347032
YPEL5,0.685897435897
C19orf63,0.0
YPEL3,0.0
FTSJ2,0.0
MKL1,1.0
MKL2,0.0
FTSJ1,0.921568627451
DERL1,0.7125
DERL2,0.0
DERL3,0.0
C11orf51,0.619718309859
C11orf57,0.691358024691
C11orf54,0.388888888889
TICAM1,1.0
MMS22L,0.791666666667
MLLT11,1.0
DAP3,0.418181818182
EIF4E,1.0
BCAR1,0.0
EIF4B,0.0783582089552
CD99,0.224489795918
HAT1,0.0
CD97,1.0
CCDC106,0.0
TUBB,0.127925117005
HDAC1,0.0
HDAC2,0.791666666667
HDAC5,1.0
PI4KB,1.0
HDAC6,0.0
HDAC8,0.645161290323
TMEM161A,0.0
TMEM161B,1.0
GNL3,0.541666666667
NDC80,0.606060606061
CDT1,0.0
TNFSF9,0.0
CHPT1,1.0
CST3,0.838709677419
SACM1L,0.0
RRS1,1.0
GMPPA,1.0
SND1,0.356701030928
CMC1,1.0
RPL10A,0.0
RAD52,0.0
RAD51,0.0
RAD50,1.0
SRCAP,1.0
STRADA,0.833333333333
USP1,0.635838150289
USP5,0.0
USP7,0.0
SOX2,1.0
RNF34,1.0
SOX4,0.981438515081
ZNF720,0.4
CEBPA,0.0
CEBPG,0.542372881356
RALGAPB,1.0
PITPNA,1.0
CEBPZ,0.0
XRCC6,0.0
INTS7,0.0
ZC3H7B,0.736842105263
INTS5,0.0
TPP1,0.0
INTS9,0.0
INTS8,1.0
TGOLN2,1.0
CTNNA1,0.0
TGIF2,1.0
TGIF1,0.883720930233
TOMM40,0.0
TM7SF3,1.0
TM7SF2,1.0
MYL6,0.0
MEIS1,1.0
ATP2C1,0.75
HELB,0.0
CDKN2AIPNL,0.0
MYL9,0.0
CERS6,0.0
CERS5,0.0
CERS2,0.65963060686
TSNARE1,0.0
MPP3,0.0
MPP1,0.5
MPP7,0.0
MPP6,1.0
PRPSAP1,1.0
GPI,0.0765957446809
PRPSAP2,0.338842975207
EXTL2,1.0
EXTL3,1.0
ETFDH,0.0
MAN1A1,1.0
MAN1A2,0.865168539326
MESDC1,1.0
YME1L1,0.387323943662
CRTC2,1.0
PNMAL1,1.0
FAM13B,1.0
AP4B1,0.0
SUMF2,1.0
SDHAF1,0.0
SDHAF2,0.0
SMARCAD1,0.0
SURF2,0.0
ZFAND2B,0.0
SURF4,0.0
ZFAND2A,1.0
GSTP1,0.0
ACSF2,0.0
MAN2A2,0.0
GBP5,1.0
ARV1,0.0
CCDC134,0.5625
CCDC130,1.0
GALK1,0.0
GALK2,0.0
CCDC138,0.0
POLE3,0.434782608696
STK38,1.0
STK39,1.0
GGNBP2,0.796296296296
C12orf11,1.0
CD9,0.0934343434343
STAT6,1.0
APH1A,0.690476190476
STAT3,0.0
STAT1,0.854166666667
FAM54B,1.0
FAM54A,1.0
HTATSF1,0.615384615385
AKR1B1,0.0
ZNRD1,0.815789473684
TOLLIP,1.0
ASNS,0.783505154639
RHEB,0.462585034014
SEPP1,0.0
CD276,1.0
MAP2K3,0.666666666667
BMPR1A,0.0
MAP2K1,0.0
MAP2K6,1.0
MAP2K4,0.0
SCAP,1.0
ATP5G1,0.0
ATP5G3,0.163605051665
ATP6V1G1,0.0
MTR,1.0
SUCLG2,0.0
TBC1D22B,1.0
ALDOA,0.208607817303
ALDOC,0.483870967742
TIA1,0.78125
BAZ1B,1.0
ABCC4,0.0
DNAH14,0.354838709677
TMOD1,0.0
NMT1,0.0
TMOD3,0.474358974359
PSMF1,1.0
ANKRD9,1.0
TALDO1,0.0
APLP2,1.0
ZNF71,1.0
RPL22L1,0.0
GOLGA1,1.0
GOLGA5,0.0
GOLGA7,1.0
KIAA1715,0.0
ENPP4,1.0
GIPC1,0.759183673469
CSNK2A1,0.882037533512
CIRH1A,0.0
CD2AP,1.0
PTMS,0.48275862069
KDM5A,1.0
KDM5C,1.0
GLUL,0.437752808989
UBE2L3,0.0
DNM2,1.0
TRAP1,0.0
C9orf102,1.0
ZNF282,0.0
ZNF283,1.0
ZNF281,1.0
AGXT2L2,1.0
GYS1,0.756302521008
STK24,0.484076433121
CNIH,0.0
STT3A,0.142857142857
ACAP3,0.0
RFXAP,0.638888888889
ETV5,1.0
FAM8A1,0.0
BTBD7,1.0
BTBD3,0.277777777778
CFL2,0.0
TUBA8,1.0
RAD23B,0.896
RAD23A,1.0
NOM1,0.0
C11orf73,0.33014354067
C11orf75,1.0
C11orf74,0.516129032258
BCAS2,0.0
IL4I1,1.0
SELM,0.104347826087
TCEAL3,1.0
TCEAL2,1.0
TCEAL1,0.322580645161
TCEAL7,0.452380952381
TCEAL6,1.0
TCEAL4,1.0
TCEAL8,0.674698795181
RGS16,1.0
FAAH,0.0
PSPH,0.871794871795
PHF20L1,0.0
TIMM23,0.882857142857
UTP6,0.0
UTP3,0.641891891892
CLEC16A,1.0
MINA,1.0
SLC33A1,0.586956521739
STRA13,0.0
CCAR1,0.581497797357
CACYBP,0.559677419355
BTN2A2,1.0
ELF2,0.0
ELF4,0.413043478261
PRPS2,0.5
CAND1,1.0
PRPS1,1.0
BRPF3,1.0
KRBOX1,1.0
GMPR2,1.0
LDHA,0.269794721408
LDHB,1.0
LDHC,0.0
ODF2L,1.0
ACAP2,0.0
PLAT,1.0
PTRF,1.0
LUZP1,1.0
CFL1,0.0107985223075
C8orf83,1.0
PLAA,0.424242424242
NFIB,1.0
NFIA,1.0
SELO,0.0
PLEKHG4,1.0
SELK,0.0
SELT,0.234375
SERPINH1,0.592592592593
SELS,0.0
