transcript,Free_Energy
PB2015.8211.1,-11.9
PB2015.10010.1,-46.3
PB2015.5597.1,-52.2
PB2015.7027.1,-1.5
PB2015.10847.1,-38.5
PB2015.6524.2,0
PB2015.15161.2,-29.6
PB2015.9760.1,-3.2
PB2015.4327.1,-34.0
PB2015.7455.1,-29.7
PB2015.3861.1,-1.6
PB2015.16550.1,-30.5
PB2015.16609.1,-22.5
PB2015.215.2,-25.8
PB2015.11194.1,-37.9
PB2015.16847.1,-9.4
PB2015.9581.4,-28.6
PB2015.3360.2,-24.6
PB2015.5750.2,-35.3
PB2015.4000.1,-10.5
PB2015.11196.3,-1.5
PB2015.16829.1,-19.3
PB2015.13299.1,-26.5
PB2015.11906.2,-35.5
PB2015.13479.2,-5.4
PB2015.13114.6,-23.3
PB2015.15226.7,-47.4
PB2015.11667.3,-47.0
PB2015.1542.1,-6.8
PB2015.4792.7,-42.7
PB2015.7453.1,-26.8
PB2015.5968.1,-13.7
PB2015.5669.1,-16.7
PB2015.2936.2,-43.2
PB2015.7778.3,-14.1
PB2015.7676.5,-24.2
PB2015.5970.10,-9.8
PB2015.3662.9,0
PB2015.7256.1,-8.8
PB2015.6326.2,-10.1
PB2015.11538.1,-20.7
PB2015.781.5,-27.3
PB2015.2578.8,-16.3
PB2015.2196.1,-5.8
PB2015.4519.19,-13.3
PB2015.14969.1,-56.9
PB2015.9180.2,-48.1
PB2015.13553.1,-5.2
PB2015.13322.1,-22.9
PB2015.3169.3,-14.7
PB2015.8819.1,-32.3
PB2015.12220.1,-3.9
PB2015.13197.1,-16.2
PB2015.529.1,-14.9
PB2015.5577.1,-9.5
PB2015.9233.3,-3.8
PB2015.16191.8,-61.4
PB2015.6350.1,-0.9
PB2015.14482.2,-10.2
PB2015.14496.1,-9.4
PB2015.2874.10,-11.5
PB2015.5605.4,-48.6
PB2015.7001.3,-16.6
PB2015.10790.2,-39.4
PB2015.10845.1,-7.8
PB2015.3881.1,-13.3
PB2015.2237.4,-21.2
PB2015.8431.3,-8.4
PB2015.16387.1,-9.0
PB2015.2861.1,-37.3
PB2015.16193.2,-20.8
PB2015.10811.2,-16.4
PB2015.16762.2,-21.0
PB2015.8601.1,-17.7
PB2015.2656.2,-1.2
PB2015.16637.5,-44.1
PB2015.3728.1,-1.4
PB2015.9239.2,-43.5
PB2015.13591.2,-8.4
PB2015.1699.2,-28.7
PB2015.9898.1,-16.9
PB2015.10863.1,-7.9
PB2015.6835.1,-8.7
PB2015.8809.1,-20.1
PB2015.7495.6,-42.0
PB2015.10118.2,-13.1
PB2015.13071.1,-30.0
PB2015.12996.1,-6.3
PB2015.7486.1,-25.1
PB2015.11126.5,-2.6
PB2015.9992.1,-35.3
PB2015.4808.3,-33.7
PB2015.2466.1,-14.4
PB2015.14743.1,-20.4
PB2015.10064.1,-20.9
PB2015.6580.7,-1.8
PB2015.3344.1,-0.5
PB2015.8138.1,-3.8
PB2015.225.1,-36.4
PB2015.982.2,-12.6
PB2015.11089.1,-21.0
PB2015.16329.4,-25.9
PB2015.10062.4,-33.5
PB2015.9381.4,-25.4
PB2015.8427.2,-42.5
PB2015.12691.1,-0.2
PB2015.13498.1,-9.7
PB2015.9608.2,-6.0
PB2015.13094.1,-53.9
PB2015.13362.1,-45.3
PB2015.13394.1,-9.8
PB2015.2765.1,-13.3
PB2015.14055.1,-38.2
PB2015.2025.1,-19.1
PB2015.1439.2,-54.9
PB2015.4049.1,-56.9
PB2015.9789.2,-58.8
PB2015.9602.5,-30.0
PB2015.15092.1,-64.0
PB2015.15602.3,-31.1
PB2015.7377.4,-25.4
PB2015.13067.1,0
PB2015.3215.3,-21.2
PB2015.2074.1,-38.2
PB2015.6645.3,-28.9
PB2015.15339.1,-4.8
PB2015.15650.1,-30.1
PB2015.9903.1,-36.2
PB2015.14418.1,-30.2
PB2015.2745.2,-45.7
PB2015.14711.1,-11.4
PB2015.10865.1,-31.0
PB2015.10065.1,-15.0
PB2015.6622.2,-18.8
PB2015.11398.1,-31.1
PB2015.7854.15,-33.0
PB2015.16222.6,-1.2
PB2015.809.2,-20.9
PB2015.5900.1,-37.0
PB2015.14350.6,-2.3
PB2015.13059.1,-30.7
PB2015.15749.3,-26.0
PB2015.11618.1,-32.7
PB2015.2159.6,-47.5
PB2015.8368.1,-41.7
PB2015.8.1,-5.0
PB2015.6187.1,-13.0
PB2015.13243.1,-27.0
PB2015.312.1,-40.7
PB2015.7499.2,-26.0
PB2015.13215.1,-38.2
PB2015.2374.2,-39.8
PB2015.9327.1,-47.0
PB2015.4037.1,-20.7
PB2015.10165.2,-37.7
PB2015.15419.5,-16.9
PB2015.2922.3,-61.0
PB2015.8028.1,-57.0
PB2015.5677.1,-25.7
PB2015.10325.2,-43.7
PB2015.8099.11,-9.3
PB2015.13563.2,-7.3
PB2015.1012.2,-7.1
PB2015.13051.1,-32.1
PB2015.7488.12,-39.3
PB2015.13259.2,-26.3
PB2015.1178.1,-32.9
PB2015.10327.3,-28.3
PB2015.2753.3,-47.8
PB2015.9190.4,-14.6
PB2015.6072.1,-54.4
PB2015.386.2,-37.1
PB2015.12296.1,-27.2
PB2015.8009.2,-22.7
PB2015.15137.2,-62.3
PB2015.858.1,-40.7
PB2015.16390.1,-41.0
PB2015.14221.1,-28.4
PB2015.830.1,-41.3
PB2015.13110.1,-13.3
PB2015.1578.1,-52.6
PB2015.3669.1,-23.3
PB2015.15291.1,-2.5
PB2015.1056.5,-20.2
PB2015.12337.2,-44.6
PB2015.7380.3,-10.2
PB2015.6785.3,-45.4
PB2015.854.1,-14.7
PB2015.16052.2,-33.5
PB2015.6431.9,-8.0
PB2015.1435.1,-39.2
PB2015.15258.1,-69.6
PB2015.4018.3,-23.1
PB2015.8159.1,-1.1
PB2015.1403.1,-50.8
PB2015.619.2,-10.5
PB2015.5861.1,-37.6
PB2015.3607.1,-10.1
PB2015.8426.2,-7.8
PB2015.15735.1,-9.9
PB2015.12541.2,-8.6
PB2015.1782.3,-55.7
PB2015.4021.5,-60.1
PB2015.11678.1,-29.7
PB2015.1016.4,-28.3
PB2015.6183.1,-2.7
PB2015.9134.1,-5.9
PB2015.6745.1,-15.0
PB2015.8908.1,-28.8
PB2015.8566.2,-13.1
PB2015.6858.16,-20.8
PB2015.14489.1,-29.3
PB2015.4894.1,-59.6
PB2015.8012.1,-11.4
PB2015.10663.3,-17.7
PB2015.3540.1,-32.4
PB2015.7417.3,-35.7
PB2015.10629.1,-5.6
PB2015.9921.2,-30.6
PB2015.3603.1,-31.7
PB2015.4868.2,-5.7
PB2015.5052.1,-47.8
PB2015.310.1,-24.9
PB2015.3909.2,-48.9
PB2015.12184.3,-56.6
PB2015.4582.2,-28.1
PB2015.3564.1,-19.2
PB2015.9088.14,-22.3
PB2015.7434.3,-11.7
PB2015.7354.3,-4.4
PB2015.6616.1,-20.8
PB2015.13386.1,-36.8
PB2015.324.1,-12.0
PB2015.15624.2,-23.1
PB2015.2352.1,-6.2
PB2015.11136.1,-26.0
PB2015.6252.2,-9.8
PB2015.1411.1,-33.2
PB2015.4507.1,-10.5
PB2015.9178.1,-35.4
PB2015.13103.2,-12.2
PB2015.6425.3,-7.6
PB2015.5547.2,-33.9
PB2015.11415.4,-31.0
PB2015.3653.2,-27.9
PB2015.2350.2,-23.2
PB2015.16508.2,-10.1
PB2015.16443.1,-35.1
PB2015.4087.1,-29.3
PB2015.9021.4,-27.6
PB2015.8691.3,-17.2
PB2015.9748.1,-33.1
PB2015.16867.1,-31.8
PB2015.1847.1,-14.9
PB2015.8058.6,-48.4
PB2015.8859.1,-37.1
PB2015.79.1,-42.2
PB2015.13275.1,-45.4
PB2015.7479.14,-14.6
PB2015.385.1,-37.6
PB2015.7959.4,-13.4
PB2015.14783.1,-27.0
PB2015.8847.1,-12.7
PB2015.2826.3,-39.1
PB2015.1239.1,-31.7
PB2015.6000.1,-48.2
PB2015.5450.2,-4.6
PB2015.11595.4,-40.8
PB2015.7113.11,-20.1
PB2015.11358.1,-19.8
PB2015.2069.2,-9.4
PB2015.6427.1,-35.2
PB2015.16292.2,-32.9
PB2015.11705.2,-26.2
PB2015.7876.1,-30.1
PB2015.5821.2,-7.3
PB2015.11340.8,-33.3
PB2015.8466.8,-17.5
PB2015.4945.1,-32.2
PB2015.3556.1,-16.8
PB2015.2043.1,-44.8
PB2015.9067.3,-0.2
PB2015.15755.4,-7.2
PB2015.11206.2,-8.7
PB2015.6891.1,-9.8
PB2015.308.2,-46.0
PB2015.14186.3,-65.8
PB2015.7369.1,-37.2
PB2015.2405.1,-17.2
PB2015.3173.6,-54.8
PB2015.2654.1,-20.3
PB2015.15705.4,-13.1
PB2015.16246.1,-13.9
PB2015.11674.2,-6.5
PB2015.16167.6,-4.3
PB2015.5155.1,-22.2
PB2015.10559.1,-6.7
PB2015.6715.4,-13.9
PB2015.665.1,-24.6
PB2015.7969.7,-45.7
PB2015.13217.2,-52.6
PB2015.15406.2,-12.4
PB2015.1203.5,-5.6
PB2015.1044.1,-8.7
PB2015.6405.2,-34.2
PB2015.14291.1,-8.9
PB2015.2868.1,-43.9
PB2015.12797.2,-2.3
PB2015.3554.3,-15.4
PB2015.13166.2,-25.8
PB2015.12568.1,-49.1
PB2015.5066.4,-40.0
PB2015.7943.1,-8.9
PB2015.7519.1,-45.4
PB2015.11333.1,-15.9
PB2015.5345.1,-32.3
PB2015.13309.16,-17.8
PB2015.14245.1,-13.0
PB2015.1162.1,-21.4
PB2015.13614.3,-16.9
PB2015.12867.3,-29.8
PB2015.1684.2,-47.1
PB2015.9744.1,-24.9
PB2015.8134.1,-10.0
PB2015.7258.2,-10.4
PB2015.9523.1,-15.2
PB2015.6713.1,-14.1
PB2015.6002.1,-35.4
PB2015.8522.1,-12.8
PB2015.13632.1,-8.7
PB2015.14175.1,-64.5
PB2015.3625.4,-13.4
PB2015.4281.1,-26.6
PB2015.796.1,-7.0
PB2015.6377.2,-29.3
PB2015.15739.1,-27.8
PB2015.4472.2,-12.2
PB2015.12759.1,-33.9
PB2015.13745.2,-9.8
PB2015.10567.5,-37.6
PB2015.7323.5,-28.9
PB2015.7426.5,-36.3
PB2015.9037.6,-3.6
PB2015.13237.1,-68.2
PB2015.11027.1,-13.5
PB2015.10746.1,-36.1
PB2015.6199.1,-16.7
PB2015.6855.2,-23.5
PB2015.2440.2,-29.2
PB2015.1713.1,0
PB2015.6020.8,0
PB2015.8119.1,-15.9
PB2015.3504.1,-31.8
PB2015.13260.1,-31.0
PB2015.487.1,-55.3
PB2015.9280.1,-40.3
PB2015.3814.1,-16.8
PB2015.10571.4,-39.5
PB2015.9023.1,-13.6
PB2015.7799.1,-8.1
PB2015.1166.2,-35.0
PB2015.2806.3,-16.4
PB2015.8989.1,-21.1
PB2015.2812.7,-42.7
PB2015.6724.1,-2.8
PB2015.6865.3,-20.1
PB2015.6717.1,-42.8
PB2015.10667.1,-9.5
PB2015.919.1,-6.6
PB2015.5341.5,-35.5
PB2015.3284.5,-20.8
PB2015.6442.4,-29.7
PB2015.4712.1,-24.2
PB2015.3750.1,-4.4
PB2015.2053.1,0
PB2015.7478.2,-16.1
PB2015.11156.1,-20.2
PB2015.4325.1,-36.4
PB2015.7150.1,-1.6
PB2015.16297.1,-23.4
PB2015.9823.1,-50.2
PB2015.10248.9,-2.5
PB2015.15986.2,-18.1
PB2015.7965.1,-12.1
PB2015.15179.4,-10.4
PB2015.4501.3,-12.2
PB2015.8250.5,-17.9
PB2015.8115.1,-5.8
PB2015.293.2,-43.1
PB2015.5815.11,0
PB2015.6510.4,-28.6
PB2015.6446.2,-22.8
PB2015.5827.2,-38.0
PB2015.2816.1,-42.1
PB2015.7925.2,-3.9
PB2015.11408.1,-24.3
PB2015.5706.1,-51.5
PB2015.2832.3,-42.2
PB2015.12320.9,-23.3
PB2015.1247.1,-39.4
PB2015.10246.4,-2.4
PB2015.1717.1,-29.1
PB2015.10770.6,-9.9
PB2015.1139.3,-5.5
PB2015.9706.2,-43.5
PB2015.10458.1,-39.9
PB2015.9110.3,-13.8
PB2015.7856.1,-10.4
PB2015.8270.1,-10.1
PB2015.13540.5,-16.9
PB2015.5611.3,-5.8
PB2015.372.2,-60.4
PB2015.1730.4,-77.1
PB2015.12308.1,-31.4
PB2015.13657.6,-7.6
PB2015.11420.1,-5.8
PB2015.16352.1,-17.8
PB2015.5493.3,-4.5
PB2015.287.2,-0.3
PB2015.11172.1,0
PB2015.7571.1,-40.2
PB2015.3423.2,-29.5
PB2015.13000.1,-23.7
PB2015.7940.1,-17.1
PB2015.3365.1,-14.6
PB2015.14070.1,-38.9
PB2015.4494.1,-32.0
PB2015.416.3,-2.2
PB2015.10653.1,-50.5
PB2015.6479.12,-10.5
PB2015.13316.6,-11.4
PB2015.9162.3,-41.5
PB2015.5396.4,-49.0
PB2015.8675.2,-29.4
PB2015.2079.1,-17.7
PB2015.4669.1,-4.6
PB2015.5028.2,-56.9
PB2015.6815.2,-9.5
PB2015.5036.3,-31.1
PB2015.3800.3,-18.9
PB2015.1205.1,-16.3
PB2015.15116.1,-33.5
PB2015.13053.5,-28.4
PB2015.15569.1,-74.7
PB2015.3994.11,-16.9
PB2015.1984.5,-15.4
PB2015.13678.2,-39.4
PB2015.10750.4,-54.6
PB2015.1093.10,-24.8
PB2015.13955.2,-5.2
PB2015.9845.2,-33.4
PB2015.2838.1,-28.1
PB2015.7909.1,-22.3
PB2015.1735.1,-20.1
PB2015.9859.6,-61.1
PB2015.3912.1,-20.8
PB2015.11949.1,-18.0
PB2015.11641.9,-5.7
PB2015.101.1,-16.9
PB2015.14781.3,-6.8
PB2015.11176.2,-24.5
PB2015.8714.13,-69.9
PB2015.2799.1,-6.8
PB2015.12375.1,-20.8
PB2015.9087.3,-15.3
PB2015.5790.1,-35.1
PB2015.6109.1,-24.6
PB2015.3530.3,-56.4
PB2015.8086.1,0
PB2015.1158.1,-9.3
PB2015.13016.1,-3.9
PB2015.3818.1,-46.4
PB2015.5387.1,-34.5
PB2015.5710.2,-2.7
PB2015.8143.2,-19.8
PB2015.16147.1,-31.2
PB2015.10855.1,-20.6
PB2015.8446.1,-30.2
PB2015.1091.3,-7.7
PB2015.2479.2,-36.3
PB2015.8088.3,-17.5
PB2015.6411.3,-64.1
PB2015.2096.3,-39.9
PB2015.12249.1,-11.8
PB2015.7666.3,-10.6
PB2015.7842.4,-36.1
PB2015.2364.2,-53.2
PB2015.147.2,0
PB2015.6502.1,-10.9
PB2015.10549.2,-7.4
PB2015.9867.1,-5.3
PB2015.6201.1,-38.2
PB2015.13312.2,-42.0
PB2015.16551.10,-11.0
PB2015.6496.3,-24.4
PB2015.3670.1,-20.7
PB2015.6482.2,-12.2
PB2015.5219.3,-27.7
PB2015.516.1,-27.8
PB2015.16300.4,-8.0
PB2015.2393.3,0
PB2015.1095.9,-10.2
PB2015.14422.1,-28.1
PB2015.7987.1,-31.9
PB2015.6203.2,-36.6
PB2015.103.3,-46.8
PB2015.3777.2,-10.8
PB2015.11802.1,-3.3
PB2015.10631.1,-50.7
PB2015.2971.1,-7.2
PB2015.4243.4,-6.8
PB2015.9095.1,-18.4
PB2015.10581.1,-27.1
PB2015.2503.1,-0.7
PB2015.10160.1,-14.9
PB2015.576.1,-40.3
PB2015.7443.1,-41.9
PB2015.11644.1,-35.6
PB2015.2419.1,-40.2
PB2015.2805.3,-8.3
PB2015.5726.1,-3.6
PB2015.2639.8,-38.5
PB2015.14199.2,-37.3
PB2015.5503.3,-20.0
PB2015.16737.2,-36.5
PB2015.9611.1,-22.7
PB2015.5774.10,-46.6
PB2015.8091.2,0
PB2015.11805.4,-0.4
PB2015.7802.3,-2.8
PB2015.13286.1,0
PB2015.15845.1,-11.8
PB2015.1063.2,-5.7
PB2015.2264.3,-35.9
PB2015.16845.4,-3.4
PB2015.6332.2,-27.7
PB2015.2929.3,-8.0
PB2015.13284.8,-12.1
PB2015.6533.9,0
PB2015.15195.1,-40.7
PB2015.9633.1,-19.7
PB2015.10025.4,-37.7
PB2015.9309.2,-28.1
PB2015.8378.1,-35.3
PB2015.1620.1,-2.7
PB2015.8702.1,-17.0
PB2015.7504.5,-13.9
PB2015.1020.2,-0.6
PB2015.7470.1,-43.8
PB2015.461.1,-13.5
PB2015.6805.2,-12.6
PB2015.11056.3,-25.9
PB2015.2092.2,-8.9
PB2015.14694.5,-20.5
PB2015.1108.3,-24.0
PB2015.6682.1,-2.5
PB2015.2975.1,-5.4
PB2015.11102.1,-35.0
PB2015.10806.1,-23.3
PB2015.5222.1,-11.7
PB2015.2736.1,-20.6
PB2015.10007.1,-47.6
PB2015.7139.7,-43.6
PB2015.6126.2,-20.1
PB2015.4632.1,-6.9
PB2015.3375.2,-34.2
PB2015.1281.1,-57.8
PB2015.6091.4,-31.9
PB2015.16697.1,-33.8
PB2015.15829.1,-37.3
PB2015.9379.1,-23.6
PB2015.7589.1,-52.0
PB2015.7775.5,-6.0
PB2015.2738.2,-39.5
PB2015.11816.1,-12.0
PB2015.10793.1,-28.1
PB2015.7402.1,-47.5
PB2015.13724.1,-17.7
PB2015.4861.1,-12.5
PB2015.13095.14,-20.5
PB2015.9106.1,-8.3
PB2015.5899.4,-32.4
PB2015.14133.3,-10.8
PB2015.3599.2,-18.0
PB2015.244.1,-34.4
PB2015.12248.2,-0.5
PB2015.180.2,-21.2
PB2015.5672.1,-61.0
PB2015.8335.1,-19.3
PB2015.8306.12,-6.1
PB2015.16180.1,-25.8
PB2015.10428.3,-24.5
PB2015.6640.1,-6.5
PB2015.7440.1,-2.6
PB2015.7057.2,-7.7
PB2015.16703.2,-3.8
PB2015.6789.1,-40.6
PB2015.13491.1,-1.2
PB2015.5850.3,-20.9
PB2015.3498.2,-59.8
PB2015.10321.11,-9.9
PB2015.9202.1,-17.1
PB2015.7682.1,-45.5
PB2015.8375.1,-27.1
PB2015.2563.1,-26.6
PB2015.13535.1,-8.6
PB2015.4209.2,-28.1
PB2015.5199.1,-5.1
PB2015.794.1,-10.2
PB2015.8092.2,-17.5
PB2015.8704.1,-53.9
PB2015.9857.7,-3.2
PB2015.14503.1,-25.0
PB2015.15651.1,-50.8
PB2015.3735.1,-40.0
PB2015.15091.1,-44.7
PB2015.3273.1,0
PB2015.7808.1,-26.7
PB2015.985.2,-9.5
PB2015.13824.9,-17.5
PB2015.13113.1,-34.2
PB2015.4113.7,-46.3
PB2015.11535.2,-23.8
PB2015.354.6,-41.8
PB2015.2852.2,-24.7
PB2015.4078.14,-20.3
PB2015.16255.1,-2.8
PB2015.15937.2,-54.1
PB2015.14301.2,-36.9
PB2015.10872.1,-20.6
PB2015.2505.1,0
PB2015.9258.2,-38.2
PB2015.7691.4,-9.1
PB2015.9891.1,-3.7
PB2015.15318.2,-35.2
PB2015.13282.4,-42.2
PB2015.399.1,-0.4
PB2015.11558.3,-22.1
PB2015.12450.1,-32.1
PB2015.4079.1,-49.2
PB2015.13262.1,-8.6
PB2015.15921.5,-37.0
PB2015.10071.1,-6.8
PB2015.16552.1,-11.0
PB2015.10166.1,-41.3
PB2015.9349.4,-17.8
PB2015.14371.1,-15.2
PB2015.16186.2,-14.3
PB2015.1448.1,-27.4
PB2015.7498.1,-29.0
PB2015.14395.1,-60.3
PB2015.7713.2,-42.1
PB2015.8840.1,-16.5
PB2015.4980.1,-42.4
PB2015.15380.1,-4.9
PB2015.4007.2,-8.0
PB2015.12150.2,-10.9
PB2015.10164.6,-3.8
PB2015.8730.8,-31.0
PB2015.5534.1,-5.0
PB2015.5557.1,-14.2
PB2015.13283.1,-42.4
PB2015.13476.1,-12.6
PB2015.8599.7,-21.6
PB2015.11843.13,-10.0
PB2015.10739.1,0
PB2015.11499.1,-51.6
PB2015.11267.1,-46.8
PB2015.2379.1,-28.8
PB2015.6913.1,-26.9
PB2015.216.4,0
PB2015.2567.2,-28.5
PB2015.2224.1,-19.1
PB2015.13361.1,-30.3
PB2015.7004.1,-51.1
PB2015.2750.1,-29.6
PB2015.16088.1,-29.1
PB2015.1839.2,-18.0
PB2015.10591.3,-13.9
PB2015.2477.1,-26.0
PB2015.2250.2,-11.3
PB2015.10692.2,-7.3
PB2015.6769.4,-3.5
PB2015.14491.2,0
PB2015.15661.1,-40.0
PB2015.4150.1,-9.3
PB2015.9183.3,-6.1
PB2015.391.1,-34.4
PB2015.15310.1,-13.3
PB2015.5911.2,-29.6
PB2015.11539.1,-22.7
PB2015.2276.3,-19.4
PB2015.817.2,-3.6
PB2015.6773.1,-8.9
PB2015.15174.1,-43.0
PB2015.4581.1,-6.5
PB2015.14028.1,-7.1
PB2015.5660.4,-20.6
PB2015.16587.1,-26.2
PB2015.4009.4,-25.3
PB2015.5602.3,-13.4
PB2015.15782.2,-40.2
PB2015.16481.1,-22.5
PB2015.12569.2,-38.0
PB2015.4130.1,-40.6
PB2015.6652.6,-41.9
PB2015.3723.9,-32.4
PB2015.6061.1,-25.3
PB2015.13549.2,-17.6
PB2015.16190.1,-5.8
PB2015.10615.1,-8.4
PB2015.5470.6,-19.5
PB2015.15372.1,-9.6
PB2015.14393.1,-9.4
PB2015.2268.1,-5.1
PB2015.15732.1,-27.1
PB2015.9334.1,-56.2
PB2015.8140.2,-36.6
PB2015.9974.3,-57.7
PB2015.15748.1,-28.9
PB2015.12529.2,-37.7
PB2015.3496.1,-37.2
PB2015.5401.1,-18.3
PB2015.13470.1,-12.5
PB2015.8103.1,-9.4
PB2015.325.1,-65.5
PB2015.6811.1,-30.8
PB2015.16109.2,-32.2
PB2015.6245.1,-25.4
PB2015.12872.1,-10.3
PB2015.14910.1,-27.4
PB2015.7721.1,-6.1
PB2015.3059.1,-34.8
PB2015.4138.1,-47.4
PB2015.2361.1,-6.2
PB2015.15758.4,-44.0
PB2015.2702.13,0
PB2015.2981.1,-18.1
PB2015.3405.1,-23.0
PB2015.5514.3,-50.8
PB2015.8917.1,-20.7
PB2015.5544.1,-4.3
PB2015.1858.6,-9.5
PB2015.8017.2,-55.4
PB2015.7783.1,-32.4
PB2015.7502.1,-38.0
PB2015.1598.4,-53.5
PB2015.11975.4,-40.4
PB2015.10751.1,-43.5
PB2015.12876.1,-32.6
PB2015.7684.7,-33.7
PB2015.11801.2,0
PB2015.14390.3,-13.3
PB2015.10079.5,-11.0
PB2015.13426.10,-29.4
PB2015.8549.2,-49.0
PB2015.13631.1,0
PB2015.4807.1,-6.6
PB2015.15920.1,-38.4
PB2015.2028.1,-48.4
PB2015.8605.1,-15.0
PB2015.15619.2,-45.6
PB2015.14716.9,-33.8
PB2015.5061.3,-19.1
PB2015.7525.1,0
PB2015.5664.1,-2.5
PB2015.4451.2,-33.6
PB2015.5997.3,-48.6
PB2015.10873.2,-8.0
PB2015.3705.1,-14.2
PB2015.7376.1,-28.2
PB2015.9801.7,-11.6
PB2015.9123.5,0
PB2015.11294.1,-43.2
PB2015.8527.3,-9.2
PB2015.12655.1,-15.7
PB2015.8130.1,-63.5
PB2015.16561.1,-6.0
PB2015.16219.2,-55.8
PB2015.3226.6,-35.4
PB2015.12005.1,-18.8
PB2015.2232.1,0
PB2015.288.2,-48.3
PB2015.13875.5,-13.6
PB2015.9119.1,-22.5
PB2015.6714.1,-47.3
PB2015.6969.1,-19.7
PB2015.6882.4,-13.3
PB2015.6404.1,-39.6
PB2015.11217.1,-14.2
PB2015.5537.1,-3.2
PB2015.4680.2,-52.3
PB2015.12554.1,-19.4
PB2015.14972.1,-33.5
PB2015.7516.4,-26.5
PB2015.3555.7,-19.1
PB2015.2435.2,-45.5
PB2015.1196.2,-10.6
PB2015.3930.1,-0.2
PB2015.5973.6,-26.1
PB2015.9072.1,-9.2
PB2015.7960.1,-67.9
PB2015.8870.2,-23.6
PB2015.14193.2,-15.7
PB2015.9070.1,-23.6
PB2015.7090.3,-12.3
PB2015.6281.5,-33.1
PB2015.16531.2,-29.6
PB2015.9109.1,-9.6
PB2015.13412.1,-6.3
PB2015.12301.4,0
PB2015.6860.1,-27.9
PB2015.5812.5,-2.9
PB2015.3577.3,-28.9
PB2015.3941.1,-26.2
PB2015.1192.1,-35.5
PB2015.8027.4,-34.1
PB2015.4537.3,-13.0
PB2015.13393.2,-2.9
PB2015.76.1,-51.1
PB2015.5517.1,-7.0
PB2015.7780.3,-29.9
PB2015.15526.1,-21.6
PB2015.8108.2,-46.7
PB2015.15738.2,-31.4
PB2015.9300.8,-24.6
PB2015.2704.2,-29.2
PB2015.5057.1,-3.9
PB2015.9036.1,-46.5
PB2015.13739.2,-10.2
PB2015.1041.1,-42.7
PB2015.1344.2,-31.4
PB2015.16172.6,-22.4
PB2015.10553.2,-37.1
PB2015.6198.1,-41.7
PB2015.5283.1,-9.4
PB2015.12518.1,-42.4
PB2015.10265.7,-3.5
PB2015.9034.1,-11.1
PB2015.13206.1,-44.9
PB2015.7389.6,-17.0
PB2015.3606.1,-1.5
PB2015.4523.3,-3.3
PB2015.8516.3,-20.0
PB2015.3275.3,-33.3
PB2015.4916.3,-42.7
PB2015.934.11,-66.4
PB2015.9896.2,0
PB2015.9683.4,-10.9
PB2015.9074.1,-37.1
PB2015.3910.1,-37.5
PB2015.4101.1,-31.1
PB2015.14389.4,-22.2
PB2015.15411.1,-35.1
PB2015.1079.1,-32.9
PB2015.6462.1,-13.1
PB2015.7786.2,0
PB2015.4957.1,-16.7
PB2015.8023.2,-42.5
PB2015.8894.1,-29.4
PB2015.16148.1,-39.5
PB2015.3632.6,0
PB2015.4869.1,-16.6
PB2015.2835.1,-20.1
PB2015.3618.1,-32.8
PB2015.9536.5,-14.1
PB2015.9129.3,-30.9
PB2015.337.5,-21.8
PB2015.4445.2,-10.5
PB2015.4946.1,-26.0
PB2015.16285.3,-42.6
PB2015.2457.1,-6.3
PB2015.5810.2,-54.8
PB2015.5985.2,-4.6
PB2015.8925.3,-22.9
PB2015.6412.4,-5.9
PB2015.10508.7,-49.7
PB2015.2353.1,-42.4
PB2015.1188.1,-32.9
PB2015.13537.1,-22.5
PB2015.10560.1,-29.8
PB2015.3452.1,-80.1
PB2015.3659.1,-49.2
PB2015.12782.3,-2.3
PB2015.6057.2,-28.4
PB2015.13173.3,-27.4
PB2015.5828.1,-19.0
PB2015.15352.1,-50.8
PB2015.14657.1,-9.8
PB2015.15295.5,-30.9
PB2015.3573.1,-27.4
PB2015.10430.2,-43.7
PB2015.4742.1,-53.8
PB2015.5475.1,-40.3
PB2015.26.1,-47.2
PB2015.3486.2,-27.8
PB2015.449.5,-10.6
PB2015.10670.3,-31.0
PB2015.2819.5,-10.2
PB2015.2066.2,-26.1
PB2015.5795.5,0
PB2015.16515.2,-2.5
PB2015.5496.1,-51.4
PB2015.6364.1,-34.3
PB2015.676.1,-2.9
PB2015.3624.1,-29.8
PB2015.3297.1,-10.4
PB2015.7792.2,-45.1
PB2015.14284.1,-36.7
PB2015.6398.1,-42.0
PB2015.4554.8,-4.3
PB2015.16415.1,-13.0
PB2015.3149.1,-37.6
PB2015.12112.2,-3.9
PB2015.5144.1,-6.9
PB2015.16823.9,-12.3
PB2015.398.12,-21.2
PB2015.11885.3,-26.0
PB2015.14889.1,-8.7
PB2015.777.1,-42.6
PB2015.14639.4,-45.3
PB2015.10964.1,-40.1
PB2015.11320.1,-21.9
PB2015.5820.1,-10.2
PB2015.11591.1,-13.3
PB2015.8120.1,-19.9
PB2015.14897.2,-19.9
PB2015.6385.1,-55.5
PB2015.7794.5,-33.9
PB2015.11883.1,-26.9
PB2015.5013.2,-18.4
PB2015.9075.4,-38.4
PB2015.6842.1,-48.1
PB2015.260.1,-38.3
PB2015.9065.5,-9.6
PB2015.496.4,-71.5
PB2015.13385.1,-29.3
PB2015.16456.2,-3.5
PB2015.4479.1,-19.0
PB2015.9997.3,-39.6
PB2015.8162.1,0
PB2015.2956.1,-45.4
PB2015.14383.1,-13.3
PB2015.7647.1,-39.6
PB2015.11141.1,-0.5
PB2015.14177.6,-45.1
PB2015.2256.1,-3.8
PB2015.10835.1,-5.9
PB2015.4920.1,-39.6
PB2015.11034.1,-1.0
PB2015.16492.1,0
PB2015.10668.1,-29.3
PB2015.5806.3,-15.4
PB2015.16804.1,-0.2
PB2015.13954.1,-32.1
PB2015.7645.1,-19.3
PB2015.8316.1,-16.5
PB2015.6237.6,-30.6
PB2015.1161.1,-21.1
PB2015.4877.1,-16.3
PB2015.13254.8,-53.2
PB2015.14427.7,-16.5
PB2015.6706.1,-49.8
PB2015.4517.1,-0.9
PB2015.3001.1,-12.7
PB2015.7284.1,0
PB2015.14172.1,-32.2
PB2015.15611.5,-20.5
PB2015.13135.5,-55.0
PB2015.15495.1,-59.6
PB2015.6919.1,-49.6
PB2015.16800.1,-5.2
PB2015.10846.14,-2.9
PB2015.9731.2,-18.5
PB2015.16868.3,-35.8
PB2015.7887.2,-46.3
PB2015.10730.6,-4.4
PB2015.4200.1,-17.4
PB2015.5492.1,-53.5
PB2015.10269.2,-28.7
PB2015.12868.1,-32.7
PB2015.614.1,-4.2
PB2015.13180.1,-38.1
PB2015.16093.2,-31.8
PB2015.12683.1,-6.0
PB2015.13744.1,-35.2
PB2015.2857.2,-30.2
PB2015.3110.1,0
PB2015.1379.1,-28.6
PB2015.2423.2,-14.3
PB2015.6534.1,-53.9
PB2015.9723.1,-12.1
PB2015.14095.3,-40.8
PB2015.7918.1,-37.6
PB2015.6573.1,-1.9
PB2015.2995.2,-44.9
PB2015.9981.1,-24.1
PB2015.7099.18,-23.1
PB2015.3586.1,-18.1
PB2015.16839.5,-5.1
PB2015.3444.1,-34.8
PB2015.10938.1,-57.5
PB2015.8233.2,-43.9
PB2015.515.2,-31.0
PB2015.5269.1,-21.3
PB2015.16371.2,-20.1
PB2015.11304.1,-24.7
PB2015.16130.2,-48.8
PB2015.3519.15,-40.1
PB2015.3114.1,-25.3
PB2015.635.1,-28.1
PB2015.9512.1,-36.0
PB2015.7801.1,-39.5
PB2015.7291.1,-32.3
PB2015.2157.1,-7.8
PB2015.9302.2,-18.9
PB2015.75.1,-2.8
PB2015.13082.5,0
PB2015.14085.1,-4.5
PB2015.3131.1,-7.5
PB2015.13474.1,-12.4
PB2015.2843.8,-18.9
PB2015.1111.4,-50.8
PB2015.6517.1,-5.3
PB2015.3119.1,-45.2
PB2015.1623.1,-15.8
PB2015.13688.1,-21.0
PB2015.7080.2,-7.7
PB2015.5893.1,-41.5
PB2015.5698.3,-35.8
PB2015.10565.2,-62.3
PB2015.15096.2,-36.1
PB2015.14047.2,-10.9
PB2015.6447.2,-30.0
PB2015.14455.2,-9.4
PB2015.5707.1,-25.0
PB2015.3847.2,-8.7
PB2015.15989.2,-15.6
PB2015.14343.1,-18.5
PB2015.1716.1,-8.0
PB2015.1143.2,-19.1
PB2015.13238.2,-33.5
PB2015.12321.1,-0.4
PB2015.7120.2,-17.3
PB2015.1673.1,-31.2
PB2015.16706.1,-25.1
PB2015.12250.2,-10.5
PB2015.15235.1,-34.9
PB2015.737.3,-10.1
PB2015.8703.1,-45.9
PB2015.12302.1,-41.1
PB2015.15590.4,-27.2
PB2015.11005.6,-24.7
PB2015.5885.4,-25.6
PB2015.373.1,-16.3
PB2015.3622.1,-8.6
PB2015.7399.6,0
PB2015.4044.3,-35.0
PB2015.16319.1,-13.7
PB2015.10712.1,-2.2
PB2015.61.1,-9.8
PB2015.5480.1,-21.6
PB2015.11514.2,-16.9
PB2015.8197.1,-17.8
PB2015.1208.1,-2.7
PB2015.527.1,-36.8
PB2015.2497.3,-15.1
PB2015.2465.12,-12.7
PB2015.15178.1,-28.6
PB2015.174.2,-16.5
PB2015.2060.1,-46.4
PB2015.13696.1,-42.0
PB2015.13729.1,-41.7
PB2015.3037.6,0
PB2015.9609.10,-10.1
PB2015.9701.2,-11.7
PB2015.8024.3,-27.1
PB2015.15135.1,-29.5
PB2015.5156.7,-29.0
PB2015.7084.2,-44.2
PB2015.14971.5,-19.7
PB2015.10815.1,-28.1
PB2015.10685.1,-29.1
PB2015.7112.4,-7.5
PB2015.15832.16,0
PB2015.8136.1,-22.6
PB2015.14812.1,-46.6
PB2015.1442.1,-37.7
PB2015.1979.1,-10.6
PB2015.4357.1,-31.7
PB2015.15117.1,-51.2
PB2015.16540.3,-36.0
PB2015.12612.1,-25.0
PB2015.12579.4,-24.2
PB2015.7459.2,-52.9
PB2015.8239.2,-30.1
PB2015.5762.1,-53.1
PB2015.5397.1,-22.9
PB2015.7441.2,-15.1
PB2015.13592.1,-8.2
PB2015.808.7,-36.9
PB2015.11984.1,0
PB2015.3296.12,-14.9
PB2015.5395.1,-46.7
PB2015.6515.4,-12.8
PB2015.4594.4,-28.6
PB2015.6473.4,-29.3
PB2015.12147.3,-14.3
PB2015.8354.2,-33.5
PB2015.16558.9,-36.8
PB2015.4068.2,-41.7
PB2015.8093.3,-15.1
PB2015.5738.4,-59.3
PB2015.2778.1,0
PB2015.15502.1,-12.6
PB2015.16140.1,-46.2
PB2015.3177.1,-22.1
PB2015.7681.8,-45.9
PB2015.12966.2,-49.4
PB2015.16468.1,-18.5
PB2015.14017.1,-39.8
PB2015.8229.1,-14.5
PB2015.10109.1,-46.7
PB2015.6108.1,-13.9
PB2015.7467.2,-5.2
PB2015.4489.3,-26.5
PB2015.1760.2,-14.3
PB2015.5210.1,-10.9
PB2015.5684.3,-39.5
PB2015.2723.1,-0.1
PB2015.14485.1,-16.6
PB2015.8481.1,-4.4
PB2015.11825.6,-0.3
PB2015.11603.1,-20.7
PB2015.13256.2,-23.1
PB2015.102.1,-49.6
PB2015.9866.1,-68.8
PB2015.7062.1,-36.3
PB2015.14720.5,-12.0
PB2015.5612.4,-17.7
PB2015.8717.4,-7.9
PB2015.5740.1,-4.4
PB2015.14456.3,-43.4
PB2015.5632.1,-13.1
PB2015.2900.1,-11.0
PB2015.12211.11,-39.2
PB2015.11529.3,-32.9
PB2015.6655.1,-50.2
PB2015.11518.5,-4.3
PB2015.8320.1,-16.2
PB2015.16301.1,-11.6
PB2015.104.2,-64.2
PB2015.4607.1,-49.6
PB2015.7982.1,-9.3
PB2015.8616.5,-19.9
PB2015.12610.1,-22.3
PB2015.5760.1,-7.7
PB2015.6983.1,-8.4
PB2015.16236.1,-11.9
